description	defaultDescription	conceptID
A FIB	Atrial fibrillation	164889003
AAA	AAA	233985008
ABD DISTENTION	Abdominal distention	60728008
ABD PAIN	Abd pain	21522001
ABDOMEN LACERATION	Abdomen laceration	283378004
ABDOMINAL ABSCESS	Abdominal abscess	75100008
ABDOMINAL AORTIC ANEURYSM	AAA	233985008
ABDOMINAL DISTENTION	Abdominal distention	60728008
ABDOMINAL PAIN	Abd pain	21522001
ABNORMAL COMPUTED TOMOGRAPHY	Abnormal CT	129679001
ABNORMAL CT	Abnormal CT	129679001
ABNORMAL ECHO	Abnormal echo	169241000
ABNORMAL EKG	Abnormal EKG	102594003
ABNORMAL LABS	Abnormal labs	442096005
ABNORMAL MRI	Abnormal MRI	169083003
ABNORMAL PULSE RATE	Abnormal pulse rate	111972009
ABNORMAL SODIUM LEVEL	Abnormal sodium level	166693005
ABNORMAL STRESS	Abnormal stress	439590007
ABNORMAL ULTRASOUND	Abnormal ultrasound	169255008
ABNORMAL X-RAY	Abnormal xray	168542003
ABNORMAL XRAY	Abnormal xray	168542003
ABSCESS	Abscess	128477000
ACCIDENTAL INGESTION	Accidental ingestion	418757007
ACUTE ABDOMINAL PAIN	Acute abdominal pain	116290004
ACUTE CHOLANGITIS	Acute cholangitis	6215006
ACUTE DRUG INTOXICATION	Substance use	231466009
ACUTE MYOCARDIAL INFARCTION	Acute myocardial infarction	57054005
ACUTE RENAL FAILURE	Acute renal failure	14669001
AFIB	Atrial fibrillation	164889003
AGITATED	Agitation	24199005
AGITATION	Agitation	24199005
AH	AH	45150006
AICD EVAL	ICD eval	7536003
ALCOHOL DETOX	EtOH detox	20093000
ALCOHOL INTOXICATION	ETOH	25702006
ALCOHOL WITHDRAWAL	Alcohol withdrawal	191480000
ALLERGIC REACTION	Allergic reaction	241929008
ALLIGATER BITE	Alligater bite	242629009
ALTERED MENTAL STATUS	Altered mental status	419284004
AMS - ALTERED MENTAL STATUS	Altered mental status	419284004
ANEMIA	Anemia	165397008
ANGIOEDEMA	Angioedema	41291007
ANIMAL BITE	Animal bite	418975000
ANKLE ABSCESS	Ankle abscess	58196009
ANKLE BURN	Ankle burn	40993007
ANKLE CRUSH INJURY	Ankle crush injury	65896005
ANKLE FRACTURE	Ankle fx	16114001
ANKLE FX	Ankle fx	16114001
ANKLE INJURY	Ankle injury	125603006
ANKLE LACERATION	Ankle laceration	283390002
ANKLE PAIN	Ankle pain	247373008
ANKLE SWELLING	Ankle swelling	267039000
ANOREXIA	Anorexia	79890006
ANXIETY	Anxiety	48694002
AORTIC ANEURYSM	Aortic aneurysm	67362008
AORTIC DISSECTION	Aortic dissection	308546005
APHASIA	Aphasia	87486003
APPENDICITIS	Appendicitis	74400008
ARF - ACUTE RENAL FAILURE	Acute renal failure	14669001
ARM ABSCESS	Arm abscess	315597005
ARM BURN	Arm burn	6055000
ARM CELLULITIS	Arm cellulitis	449671007
ARM CRUSH INJURY	Arm crush injury	9560007
ARM DVT	Arm DVT	128054009
ARM FRACTURE	Arm fracture	23406007
ARM FX	Arm fracture	23406007
ARM INJURY	Arm injury	127278005
ARM LACERATION	Arm laceration	283366003
ARM NUMBNESS	Arm numbness	298753001
ARM PAIN	Arm pain	102556003
ARM REDNESS	Arm redness	0552bee6c5e811e48aee525400010026
ARM SWELLING	Arm swelling	449618007
ARM WEAKNESS	Arm weakness	6dc81860c5e611e4a6ab525400010026
ASCITES	Ascites	389026000
ASSAULT	Assault	52684005
ASTHMA EXACERBATION	Asthma exacerbation	281239006
ATAXIA	Ataxia	20262006
ATRIAL FIBRILLATION	Atrial fibrillation	164889003
ATRIOVENTRICULAR BLOCK	Atrioventricular block	233917008
AUDITORY HALLUCINATIONS	AH	45150006
AUTO BIKE COLLISION	Auto bike collision	214225001
AUTO MOTORCYCLE COLLISION	Auto motorcycle collision	214221005
AUTOMOBILE BICYCLE COLLISION	Auto bike collision	214225001
AUTOMOBILE MOTORCYCLE COLLISION	Auto motorcycle collision	214221005
AV BLOCK	Atrioventricular block	233917008
AXILLA ABSCESS	Axilla abscess	13802001
AXILLA BURN	Axilla burn	84493007
AXILLA LACERATION	Axilla laceration	283368002
AXILLARY ABSCESS	Axilla abscess	13802001
AXILLARY PAIN	Axillary pain	300953009
B ABDOMEN LACERATION	B Abdomen laceration	283378004-B
B ANKLE ABSCESS	B Ankle abscess	58196009-B
B ANKLE BURN	B Ankle burn	40993007-B
B ANKLE CRUSH INJURY	B Ankle crush injury	65896005-B
B ANKLE FRACTURE	B Ankle fx	16114001-B
B ANKLE FX	B Ankle fx	16114001-B
B ANKLE INJURY	B Ankle injury	125603006-B
B ANKLE LACERATION	B Ankle laceration	283390002-B
B ANKLE PAIN	B Ankle pain	247373008-B
B ANKLE SWELLING	B Ankle swelling	267039000-B
B ARM ABSCESS	B Arm abscess	315597005-B
B ARM BURN	B Arm burn	6055000-B
B ARM CELLULITIS	B Arm cellulitis	449671007-B
B ARM CRUSH INJURY	B Arm crush injury	9560007-B
B ARM DVT	B Arm DVT	128054009-B
B ARM FRACTURE	B Arm fracture	23406007-B
B ARM FX	B Arm fracture	23406007-B
B ARM INJURY	B Arm injury	127278005-B
B ARM LACERATION	B Arm laceration	283366003-B
B ARM NUMBNESS	B Arm numbness	298753001-B
B ARM PAIN	B Arm pain	102556003-B
B ARM REDNESS	B Arm redness	0552bee6c5e811e48aee525400010026-B
B ARM SWELLING	B Arm swelling	449618007-B
B ARM WEAKNESS	B Arm weakness	6dc81860c5e611e4a6ab525400010026-B
B AXILLA ABSCESS	B Axilla abscess	13802001-B
B AXILLA BURN	B Axilla burn	84493007-B
B AXILLA LACERATION	B Axilla laceration	283368002-B
B AXILLARY ABSCESS	B Axilla abscess	13802001-B
B BACK LACERATION	B Back laceration	274171001-B
B BACK PAIN	B Back pain	161891005-B
B BODY PAIN	B Body pain	279001004-B
B BREAST ABSCESS	B Breast abscess	28432003-B
B BREAST BURN	B Breast burn	80433004-B
B BREAST ERYTHEMA	B Breast erythema	290070001-B
B BREAST LACERATION	B Breast laceration	283376000-B
B BREAST PAIN	B Breast pain	53430007-B
B BREAST TENDERNESS	B Tender breast	55222007-B
B BUTTOCK ABSCESS	B Gluteal abscess	64576003-B
B BUTTOCK LACERATION	B Buttock laceration	283383007-B
B CALCANEUS FX	B Calcaneus fx	263247007-B
B CALF LACERATION	B Calf laceration	283389006-B
B CALF PAIN	B Calf pain	300954003-B
B CAROTID ARTERY DISSECTION	B Carotid artery dissection	230729006-B
B CHEEK ABSCESS	B Cheek abscess	308661000-B
B CHEEK LACERATION	B Cheek laceration	283362001-B
B CHEEK PAIN	B Cheek pain	473008002-B
B CHEST PAIN	B Chest pain	29857009-B
B CHEST PRESSURE	B Chest pain	29857009-B
B CHEST TIGHTNESS	B Chest pain	29857009-B
B CHEST WALL LACERATION	B Chest wall laceration	274167004-B
B CHIN LACERATION	B Chin laceration	110077007-B
B CLAVICLE FRACTURE	B Clavicle fracture	58150001-B
B CLAVICLE FX	B Clavicle fracture	58150001-B
B CLAVICLE PAIN	B Clavicle pain	203509009-B
B CLAVICULAR PAIN	B Clavicle pain	203509009-B
B CLOSED HIP FRACTURE	B Closed hip fracture	359817006-B
B CLOSED HIP FX	B Closed hip fracture	359817006-B
B COLLAR BONE FRACTURE	B Clavicle fracture	58150001-B
B COLLAR BONE FX	B Clavicle fracture	58150001-B
B CP - CHEST PAIN	B Chest pain	29857009-B
B DECREASED HEARING	B Hearling loss	103276001-B
B DVT	B DVT	128053003-B
B DVT - DEEP VEIN THROMBOSIS	B DVT	128053003-B
B EAR ACHE	B Ear pain	16001004-B
B EAR BURN	B Ear burn	39065001-B
B EAR CRUSH INJURY	B Ear crush injury	67070005-B
B EAR DISCHARGE	B Ear discharge	300132001-B
B EAR FOREIGN BODY	B Ear foreign body	75441006-B
B EAR INJURY	B Ear injury	2999009-B
B EAR LACERATION	B Ear Laceration	283361008-B
B EAR PAIN	B Ear pain	16001004-B
B EAR SWELLING	B Ear swelling	300874009-B
B ELBOW BURN	B Elbow burn	18084001-B
B ELBOW CRUSH INJURY	B Elbow crush injury	5450005-B
B ELBOW FRACTURE	B Elbow fracture	309464009-B
B ELBOW FX	B Elbow fracture	309464009-B
B ELBOW LACERATION	B Elbow laceration	283370006-B
B ELBOW PAIN	B Elbow pain	74323005-B
B EPISTAXIS	B Epistaxis	249366005-B
B EYE BURN	B Eye burn	274205003-B
B EYE DISCHARGE	B Eye discharge	246679005-B
B EYE EVAL	B Eye eval	118235002-B
B EYE FINDING	B Eye eval	118235002-B
B EYE FOREIGN BODY SENSATION	B Eye foreign body sensation	3283003-B
B EYE PAIN	B Eye pain	41652007-B
B EYE REDNESS	B Eye redness	246676003-B
B EYE SWELLING	B Eye swelling	9404003-B
B EYELID ABSCESS	B Eyelid abscess	76126009-B
B EYELID LACERATION	B Eyelid laceration	231816006-B
B FACE INJURY	B Facial injury	125593007-B
B FACIAL DROOP	B Facial droop	95667004-B
B FACIAL INJURY	B Facial injury	125593007-B
B FACIAL LACERATION	B Facial laceration	370247008-B
B FACIAL NUMBNESS	B Facial numbness	309557009-B
B FACIAL PAIN	B Facial pain	95668009-B
B FACIAL SWELLING	B Facial swelling	278528006-B
B FEMUR FRACTURE	B Femur fracture	71620000-B
B FIBULA FRACTURE	B Fibula fracture	75591007-B
B FIBULA FX	B Fibula fracture	75591007-B
B FINGER ABSCESS	B Finger abscess	21092002-B
B FINGER BURN	B Finger burn	82057004-B
B FINGER CRUSH INJURY	B Finger crush injury	10380004-B
B FINGER FRACTURE	B Finger fracture	18171007-B
B FINGER FX	B Finger fracture	18171007-B
B FINGER INJURY	B Finger injury	52011008-B
B FINGER LACERATION	B Finger laceration	274172008-B
B FINGER NUMB	B Finger numb	309536001-B
B FINGER NUMBNESS	B Finger numb	309536001-B
B FINGER PAIN	B Finger pain	18876004-B
B FINGER REDNESS	B Finger redness	f178d592c5ea11e4b987525400010026-B
B FINGER SWELLING	B Finger swelling	299060006-B
B FINGER TENDON LACERATION	B Finger tendon laceration	446313009-B
B FLANK ABSCESS	B Flank abscess	65967008-B
B FLANK PAIN	B Flank pain	247355005-B
B FOOT ABSCESS	B Foot abscess	301706005-B
B FOOT BURN	B Foot burn	11980003-B
B FOOT CRUSH INJURY	B Foot crush injury	43422002-B
B FOOT EDEMA	B Pedal edema	102576009-B
B FOOT FRACTURE	B Foot fracture	15574005-B
B FOOT FX	B Foot fracture	15574005-B
B FOOT INJURY	B Foot injury	125604000-B
B FOOT LACERATION	B Foot laceration	284551006-B
B FOOT NUMBNESS	B Foot numbness	309538000-B
B FOOT PAIN	B Foot pain	47933007-B
B FOOT PARESTHESIA	B Foot paresthesia	309087008-B
B FOOT REDNESS	B Foot redness	d6f96bc0c73711e4b8b2525400010026-B
B FOOT SWELLING	B Foot swelling	297142003-B
B FOOT ULCER	B Foot ulcer	95345008-B
B FOREARM ABSCESS	B Forearm abscess	58964002-B
B FOREARM BURN	B Forearm burn	80827001-B
B FOREARM CRUSH INJURY	B Forearm crush injury	111693009-B
B FOREARM FRACTURE	B Forearm fracture	65966004-B
B FOREARM FX	B Forearm fracture	65966004-B
B FOREARM INJURY	B Forearm injury	125597008-B
B FOREARM LACERATION	B Forearm laceration	283371005-B
B FOREARM PAIN	B Forearm pain	444899003-B
B FOREHEAD LACERATION	B Forehead laceration	283359004-B
B FRACTURE OF SCAPULA	B Fracture of scapula	9682006-B
B FX OF SCAPULA	B Fracture of scapula	9682006-B
B GINGIVAE LACERATION	B Gum laceration	286622004-B
B GLUTEAL ABSCESS	B Gluteal abscess	64576003-B
B GROIN ABSCESS	B Groin abscess	79216009-B
B GROIN LACERATION	B Groin laceration	283382002-B
B GROIN PAIN	B Inguinal pain	102570003-B
B GUM LACERATION	B Gum laceration	286622004-B
B HA - HEADACHE	B Headache	25064002-B
B HAND ABSCESS 	B Hand abscess 	3633001-B
B HAND BURN	B Hand burn	14893008-B
B HAND CRUSH INJURY	B Hand crush injury	50793006-B
B HAND FRACTURE	B Hand fracture	20511007-B
B HAND FX	B Hand fracture	20511007-B
B HAND INJURY	B Hand injury	125599006-B
B HAND LACERATION	B Hand laceration	284549007-B
B HAND NUMBNESS	B Hand numbness	309521004-B
B HAND PAIN	B Hand pain	53057004-B
B HAND REDNESS	B Hand redness	098fe948c5e811e4899b525400010026-B
B HAND SWELLING	B Hand swelling	299037003-B
B HAND TENDON INJURY	B Hand tendon injury	262971000-B
B HAND WEAKNESS	B Hand weakness	298283006-B
B HEADACHE	B Headache	25064002-B
B HEARLING LOSS	B Hearling loss	103276001-B
B HEEL ABSCESS	B Heel abscess	91541006-B
B HEEL FX	B Calcaneus fx	263247007-B
B HEEL LACERATION	B Heel laceration	283395007-B
B HEEL PAIN	B Heel pain	2733002-B
B HEEL ULCER	B Heel ulcer	301022003-B
B HIP ABSCESS	B Hip abscess	736004-B
B HIP BURN	B Hip burn	284226006-B
B HIP CRUSH INJURY	B Hip crush injury	11730002-B
B HIP FRACTURE	B Hip fracture	263225007-B
B HIP INJURY	B Hip injury	125600009-B
B HIP LACERATION	B Hip laceration	283384001-B
B HIP PAIN	B Hip pain	49218002-B
B HUMERUS FRACTURE	B Humerus fracture	66308002-B
B HUMERUS FX	B Humerus fracture	66308002-B
B INGUINAL PAIN	B Inguinal pain	102570003-B
B JAW PAIN	B Jaw pain	274667000-B
B KNEE BURN	B Knee burn	19684007-B
B KNEE CRUSH INJURY	B Knee crush injury	38128008-B
B KNEE INJURY	B Knee injury	125601008-B
B KNEE LACERATION	B Knee laceration	283386004-B
B KNEE PAIN	B Knee pain	30989003-B
B KNEE SWELLING	B Knee swelling	248491001-B
B LABIAL TEAR	B Labial tear	249221003-B
B LBP - LOW BACK PAIN	B Lower back pain	279039007-B
B LEG ABSCESS	B Leg abscess	315596001-B
B LEG BURN	B Leg burn	84677008-B
B LEG CELLULITIS	B Leg cellulitis	449710006-B
B LEG CRUSH INJURY	B Leg crush injury	39595001-B
B LEG DVT	B Leg DVT	404223003-B
B LEG INJURY	B Leg injury	127279002-B
B LEG LACERATION	B Leg laceration	283357002-B
B LEG NUMBNESS	B Leg numbness	309537005-B
B LEG PAIN	B Leg pain	10601006-B
B LEG PARESTHESIA	B Lower extremity paresthesia	429783005-B
B LEG REDNESS	B Leg redness	02192a6cc5e811e4a5e0525400010026-B
B LEG SWELLING	B Leg swelling	449614009-B
B LEG WEAKNESS	B Leg weakness	102568007-B
B LIP LACERATION	B Lip laceration	283363006-B
B LIP SWELLING	B Lip swelling	163140002-B
B LOWER BACK PAIN	B Lower back pain	279039007-B
B LOWER EXTREMITY EDEMA	B Leg swelling	449614009-B
B LOWER EXTREMITY INJURY	B Leg injury	127279002-B
B LOWER EXTREMITY NUMBNESS	B Leg numbness	309537005-B
B LOWER EXTREMITY PAIN	B Leg pain	10601006-B
B LOWER EXTREMITY PARESTHESIA	B Lower extremity paresthesia	429783005-B
B LOWER EXTREMITY SWELLING	B Leg swelling	449614009-B
B LOWER EXTREMITY WEAKNESS	B Leg weakness	102568007-B
B LOWER LEG BURN	B Lower leg burn	37696000-B
B LOWER LEG CRUSH INJURY	B Lower leg crush injury	40874009-B
B LOWER LEG INJURY	B Lower leg injury	125602001-B
B LOWER LEG LACERATION	B Lower leg laceration	283387008-B
B LOWER LIMB ABSCESS	B Leg abscess	315596001-B
B LOWER LIMB BURN	B Leg burn	84677008-B
B MASTITIS	B Mastitis	45198002-B
B MAXILLARY FRACTURE	B Maxillary fracture	263156006-B
B MAXILLARY FX	B Maxillary fracture	263156006-B
B MIGRAINE	B Headache	25064002-B
B NAIL BED LAC	B Nail bed lac	446314003-B
B NASAL FOREIGN BODY	B Nose foriegn body	74699008-B
B NECK PAIN	B Neck pain	81680005-B
B NIPPLE ABSCESS	B Nipple abscess	237439001-B
B NIPPLE PAIN	B Nipple pain	225573003-B
B NOSE FORIEGN BODY	B Nose foriegn body	74699008-B
B NOSE LACERATION	B Nose laceration	373602003-B
B NOSEBLEED	B Epistaxis	249366005-B
B NUMBNESS	B Numbness	44077006-B
B OPEN HIP FRACTURE	B Open hip fracture	361118003-B
B OPEN HIP FX	B Open hip fracture	361118003-B
B OPEN TIB FIB FX	B Open Tib/Fib fracture	414943006-B
B OPEN TIB/FIB FRACTURE	B Open Tib/Fib fracture	414943006-B
B OPEN TIB/FIB FX	B Open Tib/Fib fracture	414943006-B
B ORBITAL FLOOR FRACTURE	B Orbital floor fracture	207787008-B
B ORBITAL FLOOR FX	B Orbital floor fracture	207787008-B
B ORBITAL FRACTURE	B Orbital fracture	95851007-B
B ORBITAL FX	B Orbital fracture	95851007-B
B ORBITAL SWELLING	B Eye swelling	9404003-B
B PAIN	B Pain	22253000-B
B PATELLA FRACTURE	B Patella fracture	51037009-B
B PATELLA FX	B Patella fracture	51037009-B
B PEDAL EDEMA	B Pedal edema	102576009-B
B PELVIC LACERATION	B Pelvic laceration	283379007-B
B PELVIC PAIN	B Pelvic pain	30473006-B
B PLEURAL EFFUSION	B Pleural effusion	60046008-B
B PNEUMOTHORAX	B Pneumothorax	36118008-B
B PULSELESS FOOT	B Pulseless foot	422163002-B
B RADIUS FRACTURE	B Radius Fracture	12676007-B
B RADIUS FX	B Radius Fracture	12676007-B
B RIB FRACTURE	B Rib fracture	33737001-B
B RIB INJURY	B Rib Injury	282770002-B
B RIB PAIN	B Rib pain	297217002-B
B RING STUCK ON FINGER	B Ring stuck on finger	248406004-B
B RING TIGHT ON FINGERS	B Ring stuck on finger	248406004-B
B SCAPULA PAIN	B Scapula pain	20793008-B
B SCROTAL INJURY	B Scrotal injury	282782006-B
B SCROTUM INJURY	B Scrotal injury	282782006-B
B SCROTUM LACERATION	B Scrotum laceration	283954003-B
B SHIN INJURY	B Shin injury	282774006-B
B SHIN LACERATION	B Shin laceration	283388003-B
B SHOULDER ABSCESS	B Shoulder abscess	17354003-B
B SHOULDER BURN	B Shoulder burn	57143002-B
B SHOULDER CRUSH INJURY	B Shoulder crush injury	2591000-B
B SHOULDER DISLOCATION	B Shoulder dislocation	417076003-B
B SHOULDER INJURY	B Shoulder injury	125594001-B
B SHOULDER LACERATION	B Shoulder laceration	283367007-B
B SHOULDER PAIN	B Shoulder pain	45326000-B
B SOLE LACERATION	B Sole laceration	283394006-B
B SWOLLEN FINGER	B Finger swelling	299060006-B
B TENDER BREAST	B Tender breast	55222007-B
B TENDER BREASTS	B Tender breast	55222007-B
B TENDON LACERATION	B Tendon laceration	301453009-B
B TESTICULAR ABSCESS	B Testicular abscess	95593001-B
B TESTICULAR CRUSH INJURY	B Testis crush injury	78198009-B
B TESTICULAR PAIN	B Testicular pain	63901009-B
B TESTIS ABSCESS	B Testicular abscess	95593001-B
B TESTIS CRUSH INJURY	B Testis crush injury	78198009-B
B THIGH ABSCESS	B Thigh abscess	3507004-B
B THIGH BURN	B Thigh burn	6132001-B
B THIGH INJURY	B Thigh injury	7523003-B
B THIGH LACERATION	B Thigh laceration	283385000-B
B THIGH PAIN	B Thigh pain	78514002-B
B THORACIC BACK PAIN	B Upper back pain	279038004-B
B THORACIC PAIN	B Upper back pain	279038004-B
B THUMB BURN	B Thumb burn	64090007-B
B THUMB CRUSH INJURY	B Thumb crush injury	283858004-B
B THUMB FX	B Thumb fx	274160002-B
B THUMB INJURY	B Thumb injury	262520005-B
B THUMB LACERATION	B Thumb laceration	274173003-B
B THUMB PAIN	B Thumb pain	300955002-B
B THUMB REDNESS	B Thumb redness	e65a02c6c5ea11e4a4a5525400010026-B
B TIB/FIB FRACTURE	B Tib/Fib Fracture	414293001-B
B TIB/FIB FX	B Tib/Fib Fracture	414293001-B
B TIBIA AND FIBULA FRACTURE	B Tib/Fib Fracture	414293001-B
B TIBIA AND FIBULA FX	B Tib/Fib Fracture	414293001-B
B TIBIA FRACTURE	B Tibia fracture	31978002-B
B TIBIA FX	B Tibia fracture	31978002-B
B TOE ABSCESS	B Toe abscess	111183001-B
B TOE BURN	B Toe burn	88374002-B
B TOE CRUSH INJURY	B Toe crush injury	74682007-B
B TOE FRACTURE	B Toe fx	21351003-B
B TOE FX	B Toe fx	21351003-B
B TOE LACERATION	B Toe laceration	284552004-B
B TOE NAIL BED LACERATION	B Toe nail bed laceration	446859003-B
B TOE NUMB	B Toe numb	309539008-B
B TOE NUMBNESS	B Toe numb	309539008-B
B TOE PAIN	B Toe pain	285365001-B
B TOE REDNESS	B Toe redness	e98210cec5ea11e4a9a0525400010026-B
B TRUNK LACERATION	B Trunk laceration	283375001-B
B ULNA FX	B Ulna fx	54556006-B
B UPPER BACK PAIN	B Upper back pain	279038004-B
B UPPER EXTREMITY BURN	B Arm burn	6055000-B
B UPPER EXTREMITY INJURY	B Arm injury	127278005-B
B UPPER EXTREMITY SWELLING	B Arm swelling	449618007-B
B UPPER LIMB ABSECSS	B Arm abscess	315597005-B
B UPPER LIMB BURN	B Arm burn	6055000-B
B WEAKNESS	B Weakness	26544005-B
B WRIST ABSCESS	B Wrist abscess	36281004-B
B WRIST BURN	B Wrist burn	3480002-B
B WRIST CRUSH INJURY	B Wrist crush injury	47814001-B
B WRIST INJURY	B Wrist injury	125598003-B
B WRIST LACERATION	B Wrist laceration	283372003-B
B WRIST PAIN	B Wrist pain	56608008-B
BACK BURN	Back burn	72998004
BACK CRUSH INJURY	Back crush injury	59038002
BACK LACERATION	Back laceration	274171001
BACK PAIN	Back pain	161891005
BACTEREMIA	Bacteremia	5758002
BARBITURATE WITHDRAWAL	Barbiturate withdrawal	425339005
BENZO WITHDRAWL	Sedative withdrawal	23601000119102
BENZODIAZEPINE WITHDRAWL	Sedative withdrawal	23601000119102
BICYCLE ACCIDENT	Bicycle accident	386663009
BITE OF BITING FLY	Bite of biting fly	242634008
BITE OF DOMESTIC PET	Bite of domestic pet	242607005
BITE OF MAMMAL	Bite of mammal	242606001
BITE OF WILD ANIMAL	Bite of wild animal	242617000
BLACK STOOLS	Melena	35064005
BLADDER PAIN	Bladder pain	15803009
BLE CELLULITIS	B Leg cellulitis	449710006-B
BLE DVT	B Leg DVT	404223003-B
BLE EDEMA	B Leg swelling	449614009-B
BLE INJURY	B Leg injury	127279002-B
BLE LACERATION	B Leg laceration	283357002-B
BLE NUMBNESS	B Leg numbness	309537005-B
BLE PAIN	B Leg pain	10601006-B
BLE PARESTHESIA	B Lower extremity paresthesia	429783005-B
BLE REDNESS	B Leg redness	02192a6cc5e811e4a5e0525400010026-B
BLE SWELLING	B Leg swelling	449614009-B
BLE WEAKNESS	B Leg weakness	102568007-B
BLEEDING FISTULA	Bleeding fistula	234207004
BLEEDING GRAFT	Bleeding graft	280974009
BLEEDING GUMS	Gum bleeding	86276007
BLEEDING TOOTH	Gum bleeding	86276007
BLOCKED FOLEY	Clogged foley	430976005
BLOOD IN URINE	Hematuria	34436003
BLOODY STOOL	BRBPR	405729008
BODY ACHES	Body aches	82991003
BODY FLUID EXPOSURE	Employee exposure	417981005
BODY PAIN	Body pain	279001004
BODY SWELLING	Body swelling	300872008
BOLUS IMPACTION	Food bolus	5805002
BONE PAIN	Bone pain	12584003
BOWEL OBSTRUCTION	Bowel obstruction	81060008
BRADYCARDIA	Bradycardia	42177007
BRAIN TUMOR	Intracranial mass	254935002
BRBPR	BRBPR	405729008
BRBPR - BRIGHT RED BLOOD PER RECTUM	BRBPR	405729008
BREAST ABSCESS	Breast abscess	28432003
BREAST BURN	Breast burn	80433004
BREAST ERYTHEMA	Breast erythema	290070001
BREAST LACERATION	Breast laceration	283376000
BREAST PAIN	Breast pain	53430007
BREAST TENDERNESS	Tender breast	55222007
BROKEN TEETH	Broken tooth	36202009
BROKEN TOOTH	Broken tooth	36202009
BRUISING	Ecchymosis	302227002
BUE BURN	B Arm burn	6055000-B
BUE CELLULITIS	B Arm cellulitis	449671007-B
BUE CRUSH INJURY	B Arm crush injury	9560007-B
BUE DVT	B Arm DVT	128054009-B
BUE FRACTURE	B Arm fracture	23406007-B
BUE FX	B Arm fracture	23406007-B
BUE INJURY	B Arm injury	127278005-B
BUE LACERATION	B Arm laceration	283366003-B
BUE NUMBNESS	B Arm numbness	298753001-B
BUE PAIN	B Arm pain	102556003-B
BUE REDNESS	B Arm redness	0552bee6c5e811e48aee525400010026-B
BUE SWELLING	B Arm swelling	449618007-B
BUE WEAKNESS	B Arm weakness	6dc81860c5e611e4a6ab525400010026-B
BURN	Burn	125666000
BUTTOCK ABSCESS	Gluteal abscess	64576003
BUTTOCK BURN	Buttock burn	284223003
BUTTOCK LACERATION	Buttock laceration	283383007
BUTTOCK PAIN	Buttock pain	279043006
C-SPINE FRACTURE	C-spine fracture	125606003
C1 FRACTURE	C1 fracture	207983003
C1 FX	C1 fracture	207983003
C2 FRACTURE	C2 fx	207984009
C2 FX	C2 fx	207984009
C3 FRACTURE	C-spine fracture	125606003
C3 FX	C-spine fracture	125606003
C4 FRACTURE	C-spine fracture	125606003
C4 FX	C-spine fracture	125606003
C5 FRACTURE	C-spine fracture	125606003
C5 FX	C-spine fracture	125606003
C6 FRACTURE	C-spine fracture	125606003
C6 FX	C-spine fracture	125606003
C7 FRACTURE	C-spine fracture	125606003
C7 FX	C-spine fracture	125606003
CALCANEUS FX	Calcaneus fx	263247007
CALF LACERATION	Calf laceration	283389006
CALF PAIN	Calf pain	300954003
CARBON MONOXIDE EXPOSURE	Carbon monoxide exposure	95875007
CARDIAC ARREST	Cardiac arrest	410429000
CARDIAC TAMPONADE	Pericardial tamponade	35304003
CAROTID ARTERY DISSECTION	Carotid artery dissection	230729006
CAT BITE	Cat bite	217701002
CELLULITIS	Cellulitis	128045006
CENTRAL ABDOMINAL PAIN	Central abdominal pain	162046002
CEREBROVASCULAR ACCIDENT	CVA	230690007
CERVICAL SPINE FRACTURE	C-spine fracture	125606003
CHEEK ABSCESS	Cheek abscess	308661000
CHEEK LACERATION	Cheek laceration	283362001
CHEEK PAIN	Cheek pain	473008002
CHEMICAL BURN	Chemical burn	426284001
CHEST CRUSH INJURY	Chest crush injury	33847006
CHEST PAIN	Chest pain	29857009
CHEST PRESSURE	Chest pain	29857009
CHEST TIGHTNESS	Chest pain	29857009
CHEST WALL ABSCESS	Chest wall abscess	40458008
CHEST WALL BURN	Chest wall burn	75984003
CHEST WALL LACERATION	Chest wall laceration	274167004
CHEST WALL PAIN	Chest wall pain	102588006
CHF	CHF	42343007
CHILLS	Chills	43724002
CHIN ABSCESS	Chin abscess	53502009
CHIN BURN	Chin burn	81116005
CHIN LACERATION	Chin laceration	110077007
CHIN PAIN	Chin pain	473434003
CHOLECYSTITIS	Cholecystitis	76581006
CHRONIC ABDOMINAL PAIN	Chronic abdominal pain	111985007
CLAVICLE FRACTURE	Clavicle fracture	58150001
CLAVICLE FX	Clavicle fracture	58150001
CLAVICLE PAIN	Clavicle pain	203509009
CLAVICULAR PAIN	Clavicle pain	203509009
CLOGGED FOLEY	Clogged foley	430976005
CLOGGED GTUBE	gtube eval	385807002
CLOSED HIP FRACTURE	Closed hip fracture	359817006
CLOSED HIP FX	Closed hip fracture	359817006
CLOTTED FISTULA	Clotted fistula	234202005
CLOTTED GRAFT	Clotted graft	280970000
CO EXPOSURE	Carbon monoxide exposure	95875007
COCAINE INTOXICATION	Cocaine intoxication	27956007
COCCYGEAL FRACTURE	Coccyx fx	125871005
COCCYGEAL FX	Coccyx fx	125871005
COCCYX FX	Coccyx fx	125871005
COCCYX PAIN	Coccyx pain	34789001
COFFEE GROUND EMESIS	Coffee ground emesis	40835002
COLLAR BONE FRACTURE	Clavicle fracture	58150001
COLLAR BONE FX	Clavicle fracture	58150001
COMPLETE ATRIOVENTRICULAR BLOCK	Complete heart block	164906009
COMPLETE HEART BLOCK	Complete heart block	164906009
CONFUSION	Confusion	130987000
CONGESTED NOSE	Nasal congestion	68235000
CONGESTIVE HEART FAILURE	CHF	42343007
CONSTIPATION	Constipation	58230007
CONTRACTIONS	Contractions	289699001
COUGH	Cough	49727002
CP - CHEST PAIN	Chest pain	29857009
CROCODILE BITE	Crocodile bite	242628001
CROUPY COUGH	Croupy cough	289965001
CRUSH INJURY	Crush Injury	125665001
CSPINE FX	C-spine fracture	125606003
CVA	CVA	230690007
DARK STOOLS	Melena	35064005
DECREASED HEARING	Hearling loss	103276001
DECREASED PLATELETS	Thrombocytopenia	415116008
DECREASED PO INTAKE	Decreased PO intake	943b48f4c5f111e491a2525400010026
DECREASED URINE OUTPUT	Oliguria	83128009
DECREASED WBC	Decreased wbc	419188005
DEHYDRATION	Dehydration	34095006
DELIRIOUS	Delirious	419567006
DELUSION OF GRANDEUR	Grandiosity	247667002
DELUSION OF PERSECUTION	Delusion of persecution	216004
DELUSIONS	Delusions	2073000
DENTAL ABSCESS	Dental abscess	299709002
DENTAL BLEEDING	Gum bleeding	86276007
DENTAL PAIN	Dental pain	27355003
DEPRESSION	Depression	35489007
DETOX	Detox	67516001
DIABETIC KETOACIDOSIS	DKA	420422005
DIARRHEA	Diarrhea	128333008
DIFFICULTY AMBULATING	Unable to ambulate	282145008
DIFFICULTY BREATHING	Difficulty breathing	230145002
DIFFICULTY SWALLOWING	Difficulty swallowing	288939007
DIPLOPIA	Diplopia	24982008
DIVERTICULITIS	Diverticulitis	307496006
DIZZINESS	Dizziness	404640003
DKA	DKA	420422005
DOE - DYSPNEA ON EXERTION	Dyspnea on exertion	60845006
DOG BITE	Dog bite	217697000
DRUG WITHDRAWAL	Drug withdrawal	363101005
DVT	DVT	128053003
DVT - DEEP VEIN THROMBOSIS	DVT	128053003
DYSPAREUNIA	Dyspareunia	71315007
DYSPHAGIA	Difficulty swallowing	288939007
DYSPNEA	Dyspnea	267036007
DYSPNEA ON EXERTION	Dyspnea on exertion	60845006
DYSURIA	Dysuria	49650001
EAR ACHE	Ear pain	16001004
EAR BURN	Ear burn	39065001
EAR CRUSH INJURY	Ear crush injury	67070005
EAR DISCHARGE	Ear discharge	300132001
EAR FOREIGN BODY	Ear foreign body	75441006
EAR INJURY	Ear injury	2999009
EAR LACERATION	Ear Laceration	283361008
EAR PAIN	Ear pain	16001004
EAR SWELLING	Ear swelling	300874009
ECCHYMOSIS	Ecchymosis	302227002
ECTOPIC PREGNANCY	Ectopic pregnancy	34801009
EKG CHANGES	Abnormal EKG	102594003
ELBOW BURN	Elbow burn	18084001
ELBOW CRUSH INJURY	Elbow crush injury	5450005
ELBOW FRACTURE	Elbow fracture	309464009
ELBOW FX	Elbow fracture	309464009
ELBOW LACERATION	Elbow laceration	283370006
ELBOW PAIN	Elbow pain	74323005
ELECTRICAL BURN	Electrical burn	405571006
ELEVATED CREATININE	Elevated creatinine	166717003
ELEVATED D-DIMER	Elevated D-dimer	449830004
ELEVATED DIGOXIN LEVEL	Elevated digoxin level	166963002
ELEVATED DILANTIN LEVEL	Elevated dilantin level	166944003
ELEVATED ESR	Elevated ESR	165468009
ELEVATED INR	Elevated INR	313341008
ELEVATED LACTATE	Elevated lactate	7501002
ELEVATED LITHIUM LEVEL	Elevated lithium level	166957006
ELEVATED PLATELETS	Thrombocytosis	415115007
ELEVATED TROPONIN	Elevated troponin	444931001
ELEVATED WBC	Elevated wbc	414478003
EMESIS	Vomiting	422400008
EMPLOYEE EXPOSURE	Employee exposure	417981005
ENDOCARDITIS	Endocarditis	56819008
EPIDURAL HEMATOMA	Epidural hematoma	428268007
EPIGASTRIC PAIN	Epigastric pain	79922009
EPISTAXIS	Epistaxis	249366005
ETOH	ETOH	25702006
ETOH DETOX	EtOH detox	20093000
ETOH INTOXICATION	ETOH	25702006
EXPOSURE TO BLOOD AND/OR BODY FLUID	Employee exposure	417981005
EYE BURN	Eye burn	274205003
EYE BURNING	Eye burning	2070002
EYE CHEMICAL EXPOSURE	Eye chemical exposure	9b606f0ecb6611e4855e525400010026
EYE DISCHARGE	Eye discharge	246679005
EYE EVAL	Eye eval	118235002
EYE FINDING	Eye eval	118235002
EYE FOREIGN BODY SENSATION	Eye foreign body sensation	3283003
EYE PAIN	Eye pain	41652007
EYE REDNESS	Eye redness	246676003
EYE SWELLING	Eye swelling	9404003
EYELID ABSCESS	Eyelid abscess	76126009
EYELID LACERATION	Eyelid laceration	231816006
F/C	f/c	274640006
FACE ABSCESS	Face abscess	200751004
FACE BURNS	Facial burn	262582004
FACE CRUSH INJURY	Face crush injury	90465004
FACE INJURY	Facial injury	125593007
FACIAL ABSCESS	Face abscess	200751004
FACIAL BURN	Facial burn	262582004
FACIAL CELLULITIS	Facial cellulitis	200652002
FACIAL CRUSH INJURY	Face crush injury	90465004
FACIAL DROOP	Facial droop	95667004
FACIAL FRACTURE	Facial fracture	27477003
FACIAL FX	Facial fracture	27477003
FACIAL FXS	Facial fracture	27477003
FACIAL INJURY	Facial injury	125593007
FACIAL LACERATION	Facial laceration	370247008
FACIAL NUMBNESS	Facial numbness	309557009
FACIAL PAIN	Facial pain	95668009
FACIAL SWELLING	Facial swelling	278528006
FAILURE TO THRIVE	Failure to thrive	54840006
FATIGUE	Fatigue	84229001
FB THROAT	Throat foreign body sensation	9bec4e7ac5e911e480fc525400010026
FEBRILE SEIZURE	Febrile seizure	41497008
FECAL INCONTINENCE	Fecal incontinence	72042002
FEMUR FRACTURE	Femur fracture	71620000
FEVER	Fever	386661006
FIBULA FRACTURE	Fibula fracture	75591007
FIBULA FX	Fibula fracture	75591007
FINGER ABSCESS	Finger abscess	21092002
FINGER BURN	Finger burn	82057004
FINGER CELLULITIS	Finger cellulitis	27561001
FINGER CRUSH INJURY	Finger crush injury	10380004
FINGER FRACTURE	Finger fracture	18171007
FINGER FX	Finger fracture	18171007
FINGER INJURY	Finger injury	52011008
FINGER LACERATION	Finger laceration	274172008
FINGER NUMB	Finger numb	309536001
FINGER NUMBNESS	Finger numb	309536001
FINGER PAIN	Finger pain	18876004
FINGER REDNESS	Finger redness	f178d592c5ea11e4b987525400010026
FINGER SWELLING	Finger swelling	299060006
FINGER TENDON LACERATION	Finger tendon laceration	446313009
FISH BITE	Fish bite	242631000
FLANK ABSCESS	Flank abscess	65967008
FLANK PAIN	Flank pain	247355005
FLEA BITE	Flea bite	262551003
FLOATERS	Floaters	162278001
FLOATERS IN VISUAL FIELD	Floaters	162278001
FLU	Influenza	6142004
FLU-LIKE SYMPTOMS	ILI	95891005
FOLEY INSERTION	Foley insertion	395321006
FOLEY REPLACEMENT	Foley insertion	395321006
FOOD BOLUS	Food bolus	5805002
FOOD BOLUS IMPACTION	Food bolus	5805002
FOOT ABSCESS	Foot abscess	301706005
FOOT BURN	Foot burn	11980003
FOOT CELLULITIS	Foot cellulitis	128276007
FOOT CRUSH INJURY	Foot crush injury	43422002
FOOT EDEMA	Pedal edema	102576009
FOOT FRACTURE	Foot fracture	15574005
FOOT FX	Foot fracture	15574005
FOOT INJURY	Foot injury	125604000
FOOT LACERATION	Foot laceration	284551006
FOOT NUMBNESS	Foot numbness	309538000
FOOT PAIN	Foot pain	47933007
FOOT PARESTHESIA	Foot paresthesia	309087008
FOOT REDNESS	Foot redness	d6f96bc0c73711e4b8b2525400010026
FOOT SWELLING	Foot swelling	297142003
FOOT ULCER	Foot ulcer	95345008
FOREARM ABSCESS	Forearm abscess	58964002
FOREARM BURN	Forearm burn	80827001
FOREARM CRUSH INJURY	Forearm crush injury	111693009
FOREARM FRACTURE	Forearm fracture	65966004
FOREARM FX	Forearm fracture	65966004
FOREARM INJURY	Forearm injury	125597008
FOREARM LACERATION	Forearm laceration	283371005
FOREARM PAIN	Forearm pain	444899003
FOREHEAD ABSCESS	Forehead abscess	33134003
FOREHEAD BURN	Forehead burn	110182002
FOREHEAD LACERATION	Forehead laceration	283359004
FOUND DOWN	Found down	248287008
FRACTURE OF SCAPULA	Fracture of scapula	9682006
FRACTURED SKULL	Skull fx	71642004
FRACTURED TOOTH	Broken tooth	36202009
FRANK BLOOD IN SPUTUM	Hemoptysis	301290008
FTT - FAILURE TO THRIVE	Failure to thrive	54840006
FX OF NASAL BONES	Nasal fracture	263171005
FX OF NOSE	Nasal fracture	263171005
FX OF SCAPULA	Fracture of scapula	9682006
FXD NASAL BONES	Nasal fracture	263171005
FXD NOSE	Nasal fracture	263171005
FXD SKULL	Skull fx	71642004
FXD TOOTH	Broken tooth	36202009
GAIT INSTABILITY	Unsteady gait	394616008
GASTRIC TUBE EVAL	gtube eval	385807002
GASTROINTESTINAL BLEEDING	GI bleed	74474003
GENITOURINARY PAIN	Genitourinary pain	162138001
GI BLEED	GI bleed	74474003
GI BLEEDING	GI bleed	74474003
GINGIVAE LACERATION	Gum laceration	286622004
GINGIVAL BLEEDING	Gum bleeding	86276007
GINGIVAL PAIN	Gingival pain	11114002
GLUTEAL ABSCESS	Gluteal abscess	64576003
GRANDIOSITY	Grandiosity	247667002
GROIN ABSCESS	Groin abscess	79216009
GROIN LACERATION	Groin laceration	283382002
GROIN PAIN	Inguinal pain	102570003
GSW - GUN SHOT WOUND	Gunshot wound	283545005
GTUBE EVAL	gtube eval	385807002
GU PAIN	Genitourinary pain	162138001
GUM ABSCESS	Gum abscess	83412009
GUM BLEEDING	Gum bleeding	86276007
GUM LACERATION	Gum laceration	286622004
GUM PAIN	Gingival pain	11114002
GUNSHOT WOUND	Gunshot wound	283545005
HA - HEADACHE	Headache	25064002
HALLUCINATIONS	Hallucinations	7011001
HALLUCINOGEN INTOXICATION	Hallucinogen intoxication	50320000
HAMSTER BITE	Hamster bite	242609008
HAND ABSCESS 	Hand abscess 	3633001
HAND BURN	Hand burn	14893008
HAND CELLULITIS	Hand cellulitis	62837005
HAND CRUSH INJURY	Hand crush injury	50793006
HAND FRACTURE	Hand fracture	20511007
HAND FX	Hand fracture	20511007
HAND INJURY	Hand injury	125599006
HAND LACERATION	Hand laceration	284549007
HAND NUMBNESS	Hand numbness	309521004
HAND PAIN	Hand pain	53057004
HAND REDNESS	Hand redness	098fe948c5e811e4899b525400010026
HAND SWELLING	Hand swelling	299037003
HAND TENDON INJURY	Hand tendon injury	262971000
HAND WEAKNESS	Hand weakness	298283006
HEAD CELLULITIS	Head cellulitis	128277003
HEAD INJURY	Head injury	82271004
HEAD LAC	Head lac	428088000
HEAD LACERATION	Head lac	428088000
HEAD SWELLING	Head swelling	445385004
HEADACHE	Headache	25064002
HEARLING LOSS	Hearling loss	103276001
HEART BLOCK	Heart block	164898000
HEEL ABSCESS	Heel abscess	91541006
HEEL FX	Calcaneus fx	263247007
HEEL LACERATION	Heel laceration	283395007
HEEL PAIN	Heel pain	2733002
HEEL ULCER	Heel ulcer	301022003
HEMATEMESIS	Hematemesis	8765009
HEMATOCHEZIA	BRBPR	405729008
HEMATURIA	Hematuria	34436003
HEMODIALYSIS	Hemodialysis	302497006
HEMOPTYSIS	Hemoptysis	301290008
HEPATIC ABSCESS	Liver abscess	27916005
HEPATIC ENCEPHALOPATHY	Hepatic encephalopathy	13920009
HEROIN	Opioid intox	52866005
HERPES ZOSTER	Herpes zoster	4740000
HI	HI	225450009
HICCUPS	Hiccups	65958008
HIGH BLOOD SUGARS	Hyperglycemia	68256003
HIGH INR	Elevated INR	313341008
HIP ABSCESS	Hip abscess	736004
HIP BURN	Hip burn	284226006
HIP CRUSH INJURY	Hip crush injury	11730002
HIP FRACTURE	Hip fracture	263225007
HIP INJURY	Hip injury	125600009
HIP LACERATION	Hip laceration	283384001
HIP PAIN	Hip pain	49218002
HIVES	Hives	64305001
HOMICIDAL IDEATION	HI	225450009
HTN - HYPERTENSION	Hypertension	163027005
HUMAN BITE	Human bite	242605002
HUMERUS FRACTURE	Humerus fracture	66308002
HUMERUS FX	Humerus fracture	66308002
HYPERCALCEMIA	Hypercalcemia	66931009
HYPERGLYCEMIA	Hyperglycemia	68256003
HYPERKALEMIA	Hyperkalemia	166689004
HYPERNATREMIA	Abnormal sodium level	166693005
HYPERTENSION	Hypertension	163027005
HYPOCALCEMIA	Hypocalcemia	5291005
HYPOGLYCEMIA	Hypoglycemia	51798006
HYPOKALEMIA	Hypokalemia	166690008
HYPONATREMIA	Abnormal sodium level	166693005
HYPOTENSION	Hypotension	12763006
HYPOTHERMIA	Hypothermia	386689009
HYPOXEMIA	Hypoxia	449171008
HYPOXIA	Hypoxia	449171008
ICD EVAL	ICD eval	7536003
ICD FIRING	ICD eval	7536003
ICH	ICH	1386000
ILI	ILI	95891005
ILI - INFLUENZE LIKE ILLNESS	ILI	95891005
INCOHERENT SPEECH	Incoherent speech	284596004
INFECTED FISTULA	Infected Fistula	ffcd89e8cb6311e4a958525400010026
INFECTED GRAFT	Infected graft	280973003
INFLUENZA	Influenza	6142004
INFLUENZA LIKE ILLNESS	ILI	95891005
INGUINAL PAIN	Inguinal pain	102570003
INSECT BITE	Insect bite	217706007
INSOMNIA	Insomnia	272025006
INTRACRANIAL HEMORRHAGE	ICH	1386000
INTRACRANIAL MASS	Intracranial mass	254935002
INTUBATED	Intubated	112798008
ISCHEMIC HEART DISEASE	Ischemic heart disease	414545008
J-TUBE EVAL	Jtube eval	41449a2ec5f111e4933b525400010026
J-TUBE EVALUATION	Jtube eval	41449a2ec5f111e4933b525400010026
JAUNDICE	Jaundice	18165001
JAW ABSCESS	Jaw abscess	16119006
JAW PAIN	Jaw pain	274667000
JTUBE CLOGGED	Jtube eval	41449a2ec5f111e4933b525400010026
JTUBE EVAL	Jtube eval	41449a2ec5f111e4933b525400010026
KIDNEY STONE	Kidney stone	95570007
KNEE BURN	Knee burn	19684007
KNEE CRUSH INJURY	Knee crush injury	38128008
KNEE INJURY	Knee injury	125601008
KNEE LACERATION	Knee laceration	283386004
KNEE PAIN	Knee pain	30989003
KNEE SWELLING	Knee swelling	248491001
L ABDOMEN LACERATION	L Abdomen laceration	283378004-L
L ANKLE ABSCESS	L Ankle abscess	58196009-L
L ANKLE BURN	L Ankle burn	40993007-L
L ANKLE CRUSH INJURY	L Ankle crush injury	65896005-L
L ANKLE FRACTURE	L Ankle fx	16114001-L
L ANKLE FX	L Ankle fx	16114001-L
L ANKLE INJURY	L Ankle injury	125603006-L
L ANKLE LACERATION	L Ankle laceration	283390002-L
L ANKLE PAIN	L Ankle pain	247373008-L
L ANKLE SWELLING	L Ankle swelling	267039000-L
L ARM ABSCESS	L Arm abscess	315597005-L
L ARM BURN	L Arm burn	6055000-L
L ARM CELLULITIS	L Arm cellulitis	449671007-L
L ARM CRUSH INJURY	L Arm crush injury	9560007-L
L ARM DVT	L Arm DVT	128054009-L
L ARM FRACTURE	L Arm fracture	23406007-L
L ARM FX	L Arm fracture	23406007-L
L ARM INJURY	L Arm injury	127278005-L
L ARM LACERATION	L Arm laceration	283366003-L
L ARM NUMBNESS	L Arm numbness	298753001-L
L ARM PAIN	L Arm pain	102556003-L
L ARM REDNESS	L Arm redness	0552bee6c5e811e48aee525400010026-L
L ARM SWELLING	L Arm swelling	449618007-L
L ARM WEAKNESS	L Arm weakness	6dc81860c5e611e4a6ab525400010026-L
L AXILLA ABSCESS	L Axilla abscess	13802001-L
L AXILLA BURN	L Axilla burn	84493007-L
L AXILLA LACERATION	L Axilla laceration	283368002-L
L AXILLARY ABSCESS	L Axilla abscess	13802001-L
L BACK LACERATION	L Back laceration	274171001-L
L BACK PAIN	L Back pain	161891005-L
L BODY PAIN	L Body pain	279001004-L
L BREAST ABSCESS	L Breast abscess	28432003-L
L BREAST BURN	L Breast burn	80433004-L
L BREAST ERYTHEMA	L Breast erythema	290070001-L
L BREAST LACERATION	L Breast laceration	283376000-L
L BREAST PAIN	L Breast pain	53430007-L
L BREAST TENDERNESS	L Tender breast	55222007-L
L BUTTOCK ABSCESS	L Gluteal abscess	64576003-L
L BUTTOCK LACERATION	L Buttock laceration	283383007-L
L CALCANEUS FX	L Calcaneus fx	263247007-L
L CALF LACERATION	L Calf laceration	283389006-L
L CALF PAIN	L Calf pain	300954003-L
L CAROTID ARTERY DISSECTION	L Carotid artery dissection	230729006-L
L CHEEK ABSCESS	L Cheek abscess	308661000-L
L CHEEK LACERATION	L Cheek laceration	283362001-L
L CHEEK PAIN	L Cheek pain	473008002-L
L CHEST PAIN	L Chest pain	29857009-L
L CHEST PRESSURE	L Chest pain	29857009-L
L CHEST TIGHTNESS	L Chest pain	29857009-L
L CHEST WALL LACERATION	L Chest wall laceration	274167004-L
L CHIN LACERATION	L Chin laceration	110077007-L
L CLAVICLE FRACTURE	L Clavicle fracture	58150001-L
L CLAVICLE FX	L Clavicle fracture	58150001-L
L CLAVICLE PAIN	L Clavicle pain	203509009-L
L CLAVICULAR PAIN	L Clavicle pain	203509009-L
L CLOSED HIP FRACTURE	L Closed hip fracture	359817006-L
L CLOSED HIP FX	L Closed hip fracture	359817006-L
L COLLAR BONE FRACTURE	L Clavicle fracture	58150001-L
L COLLAR BONE FX	L Clavicle fracture	58150001-L
L CP - CHEST PAIN	L Chest pain	29857009-L
L DECREASED HEARING	L Hearling loss	103276001-L
L DVT	L DVT	128053003-L
L DVT - DEEP VEIN THROMBOSIS	L DVT	128053003-L
L EAR ACHE	L Ear pain	16001004-L
L EAR BURN	L Ear burn	39065001-L
L EAR CRUSH INJURY	L Ear crush injury	67070005-L
L EAR DISCHARGE	L Ear discharge	300132001-L
L EAR FOREIGN BODY	L Ear foreign body	75441006-L
L EAR INJURY	L Ear injury	2999009-L
L EAR LACERATION	L Ear Laceration	283361008-L
L EAR PAIN	L Ear pain	16001004-L
L EAR SWELLING	L Ear swelling	300874009-L
L ELBOW BURN	L Elbow burn	18084001-L
L ELBOW CRUSH INJURY	L Elbow crush injury	5450005-L
L ELBOW FRACTURE	L Elbow fracture	309464009-L
L ELBOW FX	L Elbow fracture	309464009-L
L ELBOW LACERATION	L Elbow laceration	283370006-L
L ELBOW PAIN	L Elbow pain	74323005-L
L EPISTAXIS	L Epistaxis	249366005-L
L EYE BURN	L Eye burn	274205003-L
L EYE DISCHARGE	L Eye discharge	246679005-L
L EYE EVAL	L Eye eval	118235002-L
L EYE FINDING	L Eye eval	118235002-L
L EYE FOREIGN BODY SENSATION	L Eye foreign body sensation	3283003-L
L EYE PAIN	L Eye pain	41652007-L
L EYE REDNESS	L Eye redness	246676003-L
L EYE SWELLING	L Eye swelling	9404003-L
L EYELID ABSCESS	L Eyelid abscess	76126009-L
L EYELID LACERATION	L Eyelid laceration	231816006-L
L FACE INJURY	L Facial injury	125593007-L
L FACIAL DROOP	L Facial droop	95667004-L
L FACIAL INJURY	L Facial injury	125593007-L
L FACIAL LACERATION	L Facial laceration	370247008-L
L FACIAL NUMBNESS	L Facial numbness	309557009-L
L FACIAL PAIN	L Facial pain	95668009-L
L FACIAL SWELLING	L Facial swelling	278528006-L
L FEMUR FRACTURE	L Femur fracture	71620000-L
L FIBULA FRACTURE	L Fibula fracture	75591007-L
L FIBULA FX	L Fibula fracture	75591007-L
L FINGER ABSCESS	L Finger abscess	21092002-L
L FINGER BURN	L Finger burn	82057004-L
L FINGER CRUSH INJURY	L Finger crush injury	10380004-L
L FINGER FRACTURE	L Finger fracture	18171007-L
L FINGER FX	L Finger fracture	18171007-L
L FINGER INJURY	L Finger injury	52011008-L
L FINGER LACERATION	L Finger laceration	274172008-L
L FINGER NUMB	L Finger numb	309536001-L
L FINGER NUMBNESS	L Finger numb	309536001-L
L FINGER PAIN	L Finger pain	18876004-L
L FINGER REDNESS	L Finger redness	f178d592c5ea11e4b987525400010026-L
L FINGER SWELLING	L Finger swelling	299060006-L
L FINGER TENDON LACERATION	L Finger tendon laceration	446313009-L
L FLANK ABSCESS	L Flank abscess	65967008-L
L FLANK PAIN	L Flank pain	247355005-L
L FOOT ABSCESS	L Foot abscess	301706005-L
L FOOT BURN	L Foot burn	11980003-L
L FOOT CRUSH INJURY	L Foot crush injury	43422002-L
L FOOT EDEMA	L Pedal edema	102576009-L
L FOOT FRACTURE	L Foot fracture	15574005-L
L FOOT FX	L Foot fracture	15574005-L
L FOOT INJURY	L Foot injury	125604000-L
L FOOT LACERATION	L Foot laceration	284551006-L
L FOOT NUMBNESS	L Foot numbness	309538000-L
L FOOT PAIN	L Foot pain	47933007-L
L FOOT PARESTHESIA	L Foot paresthesia	309087008-L
L FOOT REDNESS	L Foot redness	d6f96bc0c73711e4b8b2525400010026-L
L FOOT SWELLING	L Foot swelling	297142003-L
L FOOT ULCER	L Foot ulcer	95345008-L
L FOREARM ABSCESS	L Forearm abscess	58964002-L
L FOREARM BURN	L Forearm burn	80827001-L
L FOREARM CRUSH INJURY	L Forearm crush injury	111693009-L
L FOREARM FRACTURE	L Forearm fracture	65966004-L
L FOREARM FX	L Forearm fracture	65966004-L
L FOREARM INJURY	L Forearm injury	125597008-L
L FOREARM LACERATION	L Forearm laceration	283371005-L
L FOREARM PAIN	L Forearm pain	444899003-L
L FOREHEAD LACERATION	L Forehead laceration	283359004-L
L FRACTURE OF SCAPULA	L Fracture of scapula	9682006-L
L FX OF SCAPULA	L Fracture of scapula	9682006-L
L GINGIVAE LACERATION	L Gum laceration	286622004-L
L GLUTEAL ABSCESS	L Gluteal abscess	64576003-L
L GROIN ABSCESS	L Groin abscess	79216009-L
L GROIN LACERATION	L Groin laceration	283382002-L
L GROIN PAIN	L Inguinal pain	102570003-L
L GUM LACERATION	L Gum laceration	286622004-L
L HA - HEADACHE	L Headache	25064002-L
L HAND ABSCESS 	L Hand abscess 	3633001-L
L HAND BURN	L Hand burn	14893008-L
L HAND CRUSH INJURY	L Hand crush injury	50793006-L
L HAND FRACTURE	L Hand fracture	20511007-L
L HAND FX	L Hand fracture	20511007-L
L HAND INJURY	L Hand injury	125599006-L
L HAND LACERATION	L Hand laceration	284549007-L
L HAND NUMBNESS	L Hand numbness	309521004-L
L HAND PAIN	L Hand pain	53057004-L
L HAND REDNESS	L Hand redness	098fe948c5e811e4899b525400010026-L
L HAND SWELLING	L Hand swelling	299037003-L
L HAND TENDON INJURY	L Hand tendon injury	262971000-L
L HAND WEAKNESS	L Hand weakness	298283006-L
L HEADACHE	L Headache	25064002-L
L HEARLING LOSS	L Hearling loss	103276001-L
L HEEL ABSCESS	L Heel abscess	91541006-L
L HEEL FX	L Calcaneus fx	263247007-L
L HEEL LACERATION	L Heel laceration	283395007-L
L HEEL PAIN	L Heel pain	2733002-L
L HEEL ULCER	L Heel ulcer	301022003-L
L HIP ABSCESS	L Hip abscess	736004-L
L HIP BURN	L Hip burn	284226006-L
L HIP CRUSH INJURY	L Hip crush injury	11730002-L
L HIP FRACTURE	L Hip fracture	263225007-L
L HIP INJURY	L Hip injury	125600009-L
L HIP LACERATION	L Hip laceration	283384001-L
L HIP PAIN	L Hip pain	49218002-L
L HUMERUS FRACTURE	L Humerus fracture	66308002-L
L HUMERUS FX	L Humerus fracture	66308002-L
L INGUINAL PAIN	L Inguinal pain	102570003-L
L JAW PAIN	L Jaw pain	274667000-L
L KNEE BURN	L Knee burn	19684007-L
L KNEE CRUSH INJURY	L Knee crush injury	38128008-L
L KNEE INJURY	L Knee injury	125601008-L
L KNEE LACERATION	L Knee laceration	283386004-L
L KNEE PAIN	L Knee pain	30989003-L
L KNEE SWELLING	L Knee swelling	248491001-L
L LABIAL TEAR	L Labial tear	249221003-L
L LBP - LOW BACK PAIN	L Lower back pain	279039007-L
L LEG ABSCESS	L Leg abscess	315596001-L
L LEG BURN	L Leg burn	84677008-L
L LEG CELLULITIS	L Leg cellulitis	449710006-L
L LEG CRUSH INJURY	L Leg crush injury	39595001-L
L LEG DVT	L Leg DVT	404223003-L
L LEG INJURY	L Leg injury	127279002-L
L LEG LACERATION	L Leg laceration	283357002-L
L LEG NUMBNESS	L Leg numbness	309537005-L
L LEG PAIN	L Leg pain	10601006-L
L LEG PARESTHESIA	L Lower extremity paresthesia	429783005-L
L LEG REDNESS	L Leg redness	02192a6cc5e811e4a5e0525400010026-L
L LEG SWELLING	L Leg swelling	449614009-L
L LEG WEAKNESS	L Leg weakness	102568007-L
L LIP LACERATION	L Lip laceration	283363006-L
L LIP SWELLING	L Lip swelling	163140002-L
L LOWER BACK PAIN	L Lower back pain	279039007-L
L LOWER EXTREMITY EDEMA	L Leg swelling	449614009-L
L LOWER EXTREMITY INJURY	L Leg injury	127279002-L
L LOWER EXTREMITY NUMBNESS	L Leg numbness	309537005-L
L LOWER EXTREMITY PAIN	L Leg pain	10601006-L
L LOWER EXTREMITY PARESTHESIA	L Lower extremity paresthesia	429783005-L
L LOWER EXTREMITY SWELLING	L Leg swelling	449614009-L
L LOWER EXTREMITY WEAKNESS	L Leg weakness	102568007-L
L LOWER LEG BURN	L Lower leg burn	37696000-L
L LOWER LEG CRUSH INJURY	L Lower leg crush injury	40874009-L
L LOWER LEG INJURY	L Lower leg injury	125602001-L
L LOWER LEG LACERATION	L Lower leg laceration	283387008-L
L LOWER LIMB ABSCESS	L Leg abscess	315596001-L
L LOWER LIMB BURN	L Leg burn	84677008-L
L MASTITIS	L Mastitis	45198002-L
L MAXILLARY FRACTURE	L Maxillary fracture	263156006-L
L MAXILLARY FX	L Maxillary fracture	263156006-L
L MIGRAINE	L Headache	25064002-L
L NAIL BED LAC	L Nail bed lac	446314003-L
L NASAL FOREIGN BODY	L Nose foriegn body	74699008-L
L NECK PAIN	L Neck pain	81680005-L
L NIPPLE ABSCESS	L Nipple abscess	237439001-L
L NIPPLE PAIN	L Nipple pain	225573003-L
L NOSE FORIEGN BODY	L Nose foriegn body	74699008-L
L NOSE LACERATION	L Nose laceration	373602003-L
L NOSEBLEED	L Epistaxis	249366005-L
L NUMBNESS	L Numbness	44077006-L
L OPEN HIP FRACTURE	L Open hip fracture	361118003-L
L OPEN HIP FX	L Open hip fracture	361118003-L
L OPEN TIB FIB FX	L Open Tib/Fib fracture	414943006-L
L OPEN TIB/FIB FRACTURE	L Open Tib/Fib fracture	414943006-L
L OPEN TIB/FIB FX	L Open Tib/Fib fracture	414943006-L
L ORBITAL FLOOR FRACTURE	L Orbital floor fracture	207787008-L
L ORBITAL FLOOR FX	L Orbital floor fracture	207787008-L
L ORBITAL FRACTURE	L Orbital fracture	95851007-L
L ORBITAL FX	L Orbital fracture	95851007-L
L ORBITAL SWELLING	L Eye swelling	9404003-L
L PAIN	L Pain	22253000-L
L PATELLA FRACTURE	L Patella fracture	51037009-L
L PATELLA FX	L Patella fracture	51037009-L
L PEDAL EDEMA	L Pedal edema	102576009-L
L PELVIC LACERATION	L Pelvic laceration	283379007-L
L PELVIC PAIN	L Pelvic pain	30473006-L
L PLEURAL EFFUSION	L Pleural effusion	60046008-L
L PNEUMOTHORAX	L Pneumothorax	36118008-L
L PULSELESS FOOT	L Pulseless foot	422163002-L
L RADIUS FRACTURE	L Radius Fracture	12676007-L
L RADIUS FX	L Radius Fracture	12676007-L
L RIB FRACTURE	L Rib fracture	33737001-L
L RIB INJURY	L Rib Injury	282770002-L
L RIB PAIN	L Rib pain	297217002-L
L RING STUCK ON FINGER	L Ring stuck on finger	248406004-L
L RING TIGHT ON FINGERS	L Ring stuck on finger	248406004-L
L SCAPULA PAIN	L Scapula pain	20793008-L
L SCROTAL INJURY	L Scrotal injury	282782006-L
L SCROTUM INJURY	L Scrotal injury	282782006-L
L SCROTUM LACERATION	L Scrotum laceration	283954003-L
L SHIN INJURY	L Shin injury	282774006-L
L SHIN LACERATION	L Shin laceration	283388003-L
L SHOULDER ABSCESS	L Shoulder abscess	17354003-L
L SHOULDER BURN	L Shoulder burn	57143002-L
L SHOULDER CRUSH INJURY	L Shoulder crush injury	2591000-L
L SHOULDER DISLOCATION	L Shoulder dislocation	417076003-L
L SHOULDER INJURY	L Shoulder injury	125594001-L
L SHOULDER LACERATION	L Shoulder laceration	283367007-L
L SHOULDER PAIN	L Shoulder pain	45326000-L
L SOLE LACERATION	L Sole laceration	283394006-L
L SWOLLEN FINGER	L Finger swelling	299060006-L
L TENDER BREAST	L Tender breast	55222007-L
L TENDER BREASTS	L Tender breast	55222007-L
L TENDON LACERATION	L Tendon laceration	301453009-L
L TESTICULAR ABSCESS	L Testicular abscess	95593001-L
L TESTICULAR CRUSH INJURY	L Testis crush injury	78198009-L
L TESTICULAR PAIN	L Testicular pain	63901009-L
L TESTIS ABSCESS	L Testicular abscess	95593001-L
L TESTIS CRUSH INJURY	L Testis crush injury	78198009-L
L THIGH ABSCESS	L Thigh abscess	3507004-L
L THIGH BURN	L Thigh burn	6132001-L
L THIGH INJURY	L Thigh injury	7523003-L
L THIGH LACERATION	L Thigh laceration	283385000-L
L THIGH PAIN	L Thigh pain	78514002-L
L THORACIC BACK PAIN	L Upper back pain	279038004-L
L THORACIC PAIN	L Upper back pain	279038004-L
L THUMB BURN	L Thumb burn	64090007-L
L THUMB CRUSH INJURY	L Thumb crush injury	283858004-L
L THUMB FX	L Thumb fx	274160002-L
L THUMB INJURY	L Thumb injury	262520005-L
L THUMB LACERATION	L Thumb laceration	274173003-L
L THUMB PAIN	L Thumb pain	300955002-L
L THUMB REDNESS	L Thumb redness	e65a02c6c5ea11e4a4a5525400010026-L
L TIB/FIB FRACTURE	L Tib/Fib Fracture	414293001-L
L TIB/FIB FX	L Tib/Fib Fracture	414293001-L
L TIBIA AND FIBULA FRACTURE	L Tib/Fib Fracture	414293001-L
L TIBIA AND FIBULA FX	L Tib/Fib Fracture	414293001-L
L TIBIA FRACTURE	L Tibia fracture	31978002-L
L TIBIA FX	L Tibia fracture	31978002-L
L TOE ABSCESS	L Toe abscess	111183001-L
L TOE BURN	L Toe burn	88374002-L
L TOE CRUSH INJURY	L Toe crush injury	74682007-L
L TOE FRACTURE	L Toe fx	21351003-L
L TOE FX	L Toe fx	21351003-L
L TOE LACERATION	L Toe laceration	284552004-L
L TOE NAIL BED LACERATION	L Toe nail bed laceration	446859003-L
L TOE NUMB	L Toe numb	309539008-L
L TOE NUMBNESS	L Toe numb	309539008-L
L TOE PAIN	L Toe pain	285365001-L
L TOE REDNESS	L Toe redness	e98210cec5ea11e4a9a0525400010026-L
L TRUNK LACERATION	L Trunk laceration	283375001-L
L ULNA FX	L Ulna fx	54556006-L
L UPPER BACK PAIN	L Upper back pain	279038004-L
L UPPER EXTREMITY BURN	L Arm burn	6055000-L
L UPPER EXTREMITY INJURY	L Arm injury	127278005-L
L UPPER EXTREMITY SWELLING	L Arm swelling	449618007-L
L UPPER LIMB ABSECSS	L Arm abscess	315597005-L
L UPPER LIMB BURN	L Arm burn	6055000-L
L WEAKNESS	L Weakness	26544005-L
L WRIST ABSCESS	L Wrist abscess	36281004-L
L WRIST BURN	L Wrist burn	3480002-L
L WRIST CRUSH INJURY	L Wrist crush injury	47814001-L
L WRIST INJURY	L Wrist injury	125598003-L
L WRIST LACERATION	L Wrist laceration	283372003-L
L WRIST PAIN	L Wrist pain	56608008-L
L-SPINE FRACTURE	L-spine fracture	125608002
L-SPINE FX	L-spine fracture	125608002
L1 FRACTURE	L-spine fracture	125608002
L1 FX	L-spine fracture	125608002
L2 FRACTURE	L-spine fracture	125608002
L2 FX	L-spine fracture	125608002
L3 FRACTURE	L-spine fracture	125608002
L3 FX	L-spine fracture	125608002
L4 FRACTURE	L-spine fracture	125608002
L4 FX	L-spine fracture	125608002
L5 FRACTURE	L-spine fracture	125608002
L5 FX	L-spine fracture	125608002
LAB REQUEST	Lab request	165332000
LABIAL TEAR	Labial tear	249221003
LABOR	Labor	118216002
LABORATORY TEST REQUESTED	Lab request	165332000
LACERATION	Laceration	312608009
LACERATION OF MOUTH	Laceration of mouth	283355005
LARGE BOWEL OBSTRUCTION	Large bowel obstruction	281254000
LBP - LOW BACK PAIN	Lower back pain	279039007
LE CELLULITIS	Leg cellulitis	449710006
LE DVT	Leg DVT	404223003
LE EDEMA	Leg swelling	449614009
LE INJURY	Leg injury	127279002
LE LACERATION	Leg laceration	283357002
LE NUMBNESS	Leg numbness	309537005
LE PAIN	Leg pain	10601006
LE PARESTHESIA	Lower extremity paresthesia	429783005
LE REDNESS	Leg redness	02192a6cc5e811e4a5e0525400010026
LE SWELLING	Leg swelling	449614009
LE WEAKNESS	Leg weakness	102568007
LEFT LOWER QUADRANT PAIN	LLQ abdominal pain	301716002
LEFT SIDED ABDOMINAL PAIN	Left sided abdominal pain	285387005
LEFT UPPER QUADRANT PAIN	LUQ abd pain	301715003
LEG ABSCESS	Leg abscess	315596001
LEG BURN	Leg burn	84677008
LEG CELLULITIS	Leg cellulitis	449710006
LEG CRUSH INJURY	Leg crush injury	39595001
LEG DVT	Leg DVT	404223003
LEG INJURY	Leg injury	127279002
LEG LACERATION	Leg laceration	283357002
LEG NUMBNESS	Leg numbness	309537005
LEG PAIN	Leg pain	10601006
LEG PARESTHESIA	Lower extremity paresthesia	429783005
LEG REDNESS	Leg redness	02192a6cc5e811e4a5e0525400010026
LEG SWELLING	Leg swelling	449614009
LEG WEAKNESS	Leg weakness	102568007
LETHARGY	Lethargy	214264003
LEUKOCYTOSIS	Elevated wbc	414478003
LEUKOPENIA	Decreased wbc	419188005
LIGHTHEADED	Lightheaded	386705008
LIP ABSCESS	Lip abscess	82770004
LIP BURN	Lip burn	73518002
LIP LACERATION	Lip laceration	283363006
LIP PAIN	Lip pain	279072007
LIP SWELLING	Lip swelling	163140002
LIVER ABSCESS	Liver abscess	27916005
LIVER LACERATION	Liver laceration	262802005
LLE CELLULITIS	L Leg cellulitis	449710006-L
LLE DVT	L Leg DVT	404223003-L
LLE EDEMA	L Leg swelling	449614009-L
LLE INJURY	L Leg injury	127279002-L
LLE LACERATION	L Leg laceration	283357002-L
LLE NUMBNESS	L Leg numbness	309537005-L
LLE PAIN	L Leg pain	10601006-L
LLE PARESTHESIA	L Lower extremity paresthesia	429783005-L
LLE REDNESS	L Leg redness	02192a6cc5e811e4a5e0525400010026-L
LLE SWELLING	L Leg swelling	449614009-L
LLE WEAKNESS	L Leg weakness	102568007-L
LLQ ABDOMINAL PAIN	LLQ abdominal pain	301716002
LLQ PAIN	LLQ abdominal pain	301716002
LOC - LOSS OF CONCIOUSNESS	Loss of consciousness	419045004
LOSS OF APPETITE	Anorexia	79890006
LOSS OF CONSCIOUSNESS	Loss of consciousness	419045004
LOW BLOOD SUGAR	Hypoglycemia	51798006
LOW HEMATOCRIT	Anemia	165397008
LOW HEMOGLOBIN	Anemia	165397008
LOW HR	Bradycardia	42177007
LOW INR	Subtherapeutic INR	413086003
LOW PULSE OX	Hypoxia	449171008
LOW SERUM POTASSIUM	Hypokalemia	166690008
LOW URINE OUTPUT	Oliguria	83128009
LOWER ABDOMINAL PAIN	Lower abdominal pain	54586004
LOWER BACK PAIN	Lower back pain	279039007
LOWER EXTREMITY EDEMA	Leg swelling	449614009
LOWER EXTREMITY INJURY	Leg injury	127279002
LOWER EXTREMITY NUMBNESS	Leg numbness	309537005
LOWER EXTREMITY PAIN	Leg pain	10601006
LOWER EXTREMITY PARESTHESIA	Lower extremity paresthesia	429783005
LOWER EXTREMITY SWELLING	Leg swelling	449614009
LOWER EXTREMITY WEAKNESS	Leg weakness	102568007
LOWER GI BLEED	Lower GI bleed	87763006
LOWER LEG BURN	Lower leg burn	37696000
LOWER LEG CRUSH INJURY	Lower leg crush injury	40874009
LOWER LEG INJURY	Lower leg injury	125602001
LOWER LEG LACERATION	Lower leg laceration	283387008
LOWER LIMB ABSCESS	Leg abscess	315596001
LOWER LIMB BURN	Leg burn	84677008
LSPINE FX	L-spine fracture	125608002
LUE BURN	L Arm burn	6055000-L
LUE CELLULITIS	L Arm cellulitis	449671007-L
LUE CRUSH INJURY	L Arm crush injury	9560007-L
LUE DVT	L Arm DVT	128054009-L
LUE FRACTURE	L Arm fracture	23406007-L
LUE FX	L Arm fracture	23406007-L
LUE INJURY	L Arm injury	127278005-L
LUE LACERATION	L Arm laceration	283366003-L
LUE NUMBNESS	L Arm numbness	298753001-L
LUE PAIN	L Arm pain	102556003-L
LUE REDNESS	L Arm redness	0552bee6c5e811e48aee525400010026-L
LUE SWELLING	L Arm swelling	449618007-L
LUE WEAKNESS	L Arm weakness	6dc81860c5e611e4a6ab525400010026-L
LUMBAR FX	L-spine fracture	125608002
LUMBAR SPINE FRACTURE	L-spine fracture	125608002
LUMBAR SPINE FX	L-spine fracture	125608002
LUQ ABD PAIN	LUQ abd pain	301715003
LUQ ABDOMINAL PAIN	LUQ abd pain	301715003
LUQ PAIN	LUQ abd pain	301715003
LYMPHADENOPATHY	Lymphadenopathy	30746006
MALAISE	Malaise	367391008
MANDIBLE ABSCESS	Mandible abscess	109687006
MANDIBULAR ABSCESS	Mandible abscess	109687006
MANDIBULAR FRACTURE	Mandibular fracture	263172003
MANDIBULAR FX	Mandibular fracture	263172003
MANIA	Mania	405273008
MANIC	Mania	405273008
MASS CASAULTY INCIDENT	MCI	409518000
MASTITIS	Mastitis	45198002
MAXILLA ABSCESS	Maxilla abscess	109686002
MAXILLARY ABSCESS	Maxilla abscess	109686002
MAXILLARY FRACTURE	Maxillary fracture	263156006
MAXILLARY FX	Maxillary fracture	263156006
MCI	MCI	409518000
MED REFILL	Med refill	182832007
MEDICATION REFILL	Med refill	182832007
MELENA	Melena	35064005
MIDLINE EVAL	Midline eval	850176eecb6211e48ada525400010026
MIGRAINE	Headache	25064002
MISSSED DIALYSIS	Hemodialysis	302497006
MOBITZ TYPE I SECOND DEGREE ATRIOVENTRICULAR BLOCK	Mobitz type I second degree heart block	164905008
MOBITZ TYPE I SECOND DEGREE HEART BLOCK	Mobitz type I second degree heart block	164905008
MOBITZ TYPE II ATRIOVENTRICULAR BLOCK	Mobitz type II heart block	426183003
MOBITZ TYPE II HEART BLOCK	Mobitz type II heart block	426183003
MOSQUITO BITE	Mosquito bite	242635009
MOTORCYCLE ACCIDENT	Motorcycle accident	297186008
MOUTH PAIN	Mouth pain	102616008
MRI SCAN ABNORMAL	Abnormal MRI	169083003
MUSCLE ACHE	Myalgia	68962001
MUSCLE PAIN	Myalgia	68962001
MVA	MVC	418399005
MVC	MVC	418399005
MYALGIA	Myalgia	68962001
MYOCARDIAL INFARCTION	Myocardial infarction	22298006
N/V	N/V	16932000
N/V/D	n/v/d	2919008
NAIL BED LAC	Nail bed lac	446314003
NARCOTIC WITHDRAWAL	Opioid withdrawal	87132004
NASAL ABSCESS	Nose abscess	8414002
NASAL BURN	Nose burn	22233004
NASAL CONGESTION	Nasal congestion	68235000
NASAL FOREIGN BODY	Nose foriegn body	74699008
NASAL FRACTURE	Nasal fracture	263171005
NASAL FX	Nasal fracture	263171005
NASAL INJURY	Nasal injury	19491003
NAUSEA	Nausea	422587007
NAUSEA AND VOMITING	N/V	16932000
NAUSEA VOMITING DIARRHEA	n/v/d	2919008
NEAR DROWNING	Near drowning	87970004
NEAR SYNCOPE	Presyncope	248223005
NECK BURN	Neck burn	60713008
NECK CRUSH INJURY	Neck crush injury	50001009
NECK INJURY	Neck injury	90460009
NECK LACERATION	Neck laceration	283364000
NECK PAIN	Neck pain	81680005
NECK SWELLING	Neck swelling	301777002
NEEDLESTICK	Needlestick	283596007
NEEDS DIALYSIS	Hemodialysis	302497006
NEEDS SAFE SHELTER	Safe Bed	9665c970c5f011e4b3d7525400010026
NEEDS SHELTER	Safe Bed	9665c970c5f011e4b3d7525400010026
NEPHROLITHIASIS	Kidney stone	95570007
NEURO DEFICIT	Neuro deficit	264552009
NEUROLOGICAL DEFICIT	Neuro deficit	264552009
NEUTROPENIA	Neutropenia	165517008
NEUTROPHIL COUNT ABNORMAL	Neutrophil count abnormal	165519006
NEUTROPHILIA	Neutrophilia	165518003
NIPPLE ABSCESS	Nipple abscess	237439001
NIPPLE PAIN	Nipple pain	225573003
NON-FATAL IMMERSION	Near drowning	87970004
NONFATAL SUBMERSION	Near drowning	87970004
NOSE ABSCESS	Nose abscess	8414002
NOSE BURN	Nose burn	22233004
NOSE FORIEGN BODY	Nose foriegn body	74699008
NOSE INJURY	Nasal injury	19491003
NOSE LACERATION	Nose laceration	373602003
NOSE PAIN	Nose pain	225564006
NOSEBLEED	Epistaxis	249366005
NSTEMI	NSTEMI	401314000
NSTEMI - NON-ST SEGMENT ELEVATION MI	NSTEMI	401314000
NUMB TONGUE	Numb tongue	95528002
NUMBNESS	Numbness	44077006
OD - OVERDOSE OF DRUG	Overdose	55680006
OLIGURIA	Oliguria	83128009
OPEN HIP FRACTURE	Open hip fracture	361118003
OPEN HIP FX	Open hip fracture	361118003
OPEN TIB FIB FX	Open Tib/Fib fracture	414943006
OPEN TIB/FIB FRACTURE	Open Tib/Fib fracture	414943006
OPEN TIB/FIB FX	Open Tib/Fib fracture	414943006
OPIOID INTOX	Opioid intox	52866005
OPIOID WITHDRAWAL	Opioid withdrawal	87132004
ORAL LACERATION	Laceration of mouth	283355005
ORAL PAIN	Mouth pain	102616008
ORBITAL CELLULITIS	Orbital cellulitis	194005002
ORBITAL FLOOR FRACTURE	Orbital floor fracture	207787008
ORBITAL FLOOR FX	Orbital floor fracture	207787008
ORBITAL FRACTURE	Orbital fracture	95851007
ORBITAL FX	Orbital fracture	95851007
ORBITAL SWELLING	Eye swelling	9404003
ORTHOPNEA	Orthopnea	62744007
OSTEOMYELITIS	Osteomyelitis	60168000
OVERDOSE	Overdose	55680006
PAIN	Pain	22253000
PAIN OF TRUNCAL STRUCTURE	Trunk Pain	301366005
PAIN ON SEXUAL INTERCOURSE	Dyspareunia	71315007
PAINFUL TONGUE	Tongue pain	30731004
PALPITATIONS	Palpitations	80313002
PANCREATITIS	Pancreatitis	75694006
PARANOID DELUSION	Paranoid delusion	225452001
PARESTHESIA	Paresthesia	91019004
PARONYCHIA	Paronychia	71906005
PATELLA FRACTURE	Patella fracture	51037009
PATELLA FX	Patella fracture	51037009
PCP INTOX	PCP intox	31715000
PE	PE	59282003
PED STRUCK	Ped struck	214218008
PEDAL EDEMA	Pedal edema	102576009
PEDESTRIAN HIT BY MOTOR VEHICLE	Ped struck	214218008
PEDESTRIAN STRUCK	Ped struck	214218008
PEG TUBE EVAL	gtube eval	385807002
PELVIC ABSCESS	Pelvic abscess	111367007
PELVIC CRUSH INJURY	Pelvic crush injury	283859007
PELVIC FRACTURE	Pelvic fracture	77493009
PELVIC FX	Pelvic fracture	77493009
PELVIC LACERATION	Pelvic laceration	283379007
PELVIC PAIN	Pelvic pain	30473006
PELVIS ABSCESS	Pelvic abscess	111367007
PELVIS CRUSH INJURY	Pelvic crush injury	283859007
PELVIS FX	Pelvic fracture	77493009
PENILE ABSCESS	Penis abscess	36029005
PENILE FRACTURE	Penile fracture	110016007
PENILE FX	Penile fracture	110016007
PENILE PAIN	Penile pain	285375003
PENIS ABSCESS	Penis abscess	36029005
PENIS FX	Penile fracture	110016007
PENIS LACERATION	Penis laceration	283949007
PERICARDIAL TAMPONADE	Pericardial tamponade	35304003
PERIODONTAL ABSCESS	Gum abscess	83412009
PERIORBITAL CELLULITIS	Periorbital cellulitis	109245003
PERIRECTAL ABSCESS	Perirectal abscess	91669008
PERITONSILLAR ABSCESS	Peritonsillar abscess	15033003
PERIUMBILICAL PAIN	Periumbilical pain	443503005
PHOTOPHOBIA	Photophobia	409668002
PICC LINE EVAL	PICC line eval	392020005
PICC LINE REPLACEMENT	PICC line eval	392020005
PLEURAL EFFUSION	Pleural effusion	60046008
PLEURITIC CHEST PAIN	Pleuritic chest pain	2237002
PNEUMONIA	Pneumonia	233604007
PNEUMOTHORAX	Pneumothorax	36118008
POISON IVY	Poison ivy	200823002
POISON OAK	Poison oak	200824008
POISON SUMAC	Poison sumac	10901008
POLYURIA	Polyuria	28442001
PORTAL VEIN THROMBOSIS	Portal vein thrombosis	17920008
POSITIVE BLOOD CULTURES	Positive blood cultures	e3d61a80c5ef11e4a050525400010026
POSITIVE STRESS	Abnormal stress	439590007
POSTICTAL STATE	Postictal state	31758001
PREGNANT	Pregnant	77386006
PRESYNCOPE	Presyncope	248223005
PRIAPISM	Priapism	6273006
PRODUCTIVE COUGH	Productive cough	28743005
PSYCH EVAL	Psych eval	108311000
PSYCHIATRIC EVAL	Psych eval	108311000
PSYCHIATRIC EVALUATION	Psych eval	108311000
PSYCHIATRIC HOLD	Psychiatric hold	83474000
PSYCHOSIS	Psychosis	280427006
PSYCHOTIC	Psychosis	280427006
PTA - PERITONSILLAR ABSCESS	Peritonsillar abscess	15033003
PULMONARY EMBOLISM	PE	59282003
PULSELESS FOOT	Pulseless foot	422163002
PUNCTURE WOUND	Puncture wound	312609001
R ABDOMEN LACERATION	R Abdomen laceration	283378004-R
R ANKLE ABSCESS	R Ankle abscess	58196009-R
R ANKLE BURN	R Ankle burn	40993007-R
R ANKLE CRUSH INJURY	R Ankle crush injury	65896005-R
R ANKLE FRACTURE	R Ankle fx	16114001-R
R ANKLE FX	R Ankle fx	16114001-R
R ANKLE INJURY	R Ankle injury	125603006-R
R ANKLE LACERATION	R Ankle laceration	283390002-R
R ANKLE PAIN	R Ankle pain	247373008-R
R ANKLE SWELLING	R Ankle swelling	267039000-R
R ARM ABSCESS	R Arm abscess	315597005-R
R ARM BURN	R Arm burn	6055000-R
R ARM CELLULITIS	R Arm cellulitis	449671007-R
R ARM CRUSH INJURY	R Arm crush injury	9560007-R
R ARM DVT	R Arm DVT	128054009-R
R ARM FRACTURE	R Arm fracture	23406007-R
R ARM FX	R Arm fracture	23406007-R
R ARM INJURY	R Arm injury	127278005-R
R ARM LACERATION	R Arm laceration	283366003-R
R ARM NUMBNESS	R Arm numbness	298753001-R
R ARM PAIN	R Arm pain	102556003-R
R ARM REDNESS	R Arm redness	0552bee6c5e811e48aee525400010026-R
R ARM SWELLING	R Arm swelling	449618007-R
R ARM WEAKNESS	R Arm weakness	6dc81860c5e611e4a6ab525400010026-R
R AXILLA ABSCESS	R Axilla abscess	13802001-R
R AXILLA BURN	R Axilla burn	84493007-R
R AXILLA LACERATION	R Axilla laceration	283368002-R
R AXILLARY ABSCESS	R Axilla abscess	13802001-R
R BACK LACERATION	R Back laceration	274171001-R
R BACK PAIN	R Back pain	161891005-R
R BODY PAIN	R Body pain	279001004-R
R BREAST ABSCESS	R Breast abscess	28432003-R
R BREAST BURN	R Breast burn	80433004-R
R BREAST ERYTHEMA	R Breast erythema	290070001-R
R BREAST LACERATION	R Breast laceration	283376000-R
R BREAST PAIN	R Breast pain	53430007-R
R BREAST TENDERNESS	R Tender breast	55222007-R
R BUTTOCK ABSCESS	R Gluteal abscess	64576003-R
R BUTTOCK LACERATION	R Buttock laceration	283383007-R
R CALCANEUS FX	R Calcaneus fx	263247007-R
R CALF LACERATION	R Calf laceration	283389006-R
R CALF PAIN	R Calf pain	300954003-R
R CAROTID ARTERY DISSECTION	R Carotid artery dissection	230729006-R
R CHEEK ABSCESS	R Cheek abscess	308661000-R
R CHEEK LACERATION	R Cheek laceration	283362001-R
R CHEEK PAIN	R Cheek pain	473008002-R
R CHEST PAIN	R Chest pain	29857009-R
R CHEST PRESSURE	R Chest pain	29857009-R
R CHEST TIGHTNESS	R Chest pain	29857009-R
R CHEST WALL LACERATION	R Chest wall laceration	274167004-R
R CHIN LACERATION	R Chin laceration	110077007-R
R CLAVICLE FRACTURE	R Clavicle fracture	58150001-R
R CLAVICLE FX	R Clavicle fracture	58150001-R
R CLAVICLE PAIN	R Clavicle pain	203509009-R
R CLAVICULAR PAIN	R Clavicle pain	203509009-R
R CLOSED HIP FRACTURE	R Closed hip fracture	359817006-R
R CLOSED HIP FX	R Closed hip fracture	359817006-R
R COLLAR BONE FRACTURE	R Clavicle fracture	58150001-R
R COLLAR BONE FX	R Clavicle fracture	58150001-R
R CP - CHEST PAIN	R Chest pain	29857009-R
R DECREASED HEARING	R Hearling loss	103276001-R
R DVT	R DVT	128053003-R
R DVT - DEEP VEIN THROMBOSIS	R DVT	128053003-R
R EAR ACHE	R Ear pain	16001004-R
R EAR BURN	R Ear burn	39065001-R
R EAR CRUSH INJURY	R Ear crush injury	67070005-R
R EAR DISCHARGE	R Ear discharge	300132001-R
R EAR FOREIGN BODY	R Ear foreign body	75441006-R
R EAR INJURY	R Ear injury	2999009-R
R EAR LACERATION	R Ear Laceration	283361008-R
R EAR PAIN	R Ear pain	16001004-R
R EAR SWELLING	R Ear swelling	300874009-R
R ELBOW BURN	R Elbow burn	18084001-R
R ELBOW CRUSH INJURY	R Elbow crush injury	5450005-R
R ELBOW FRACTURE	R Elbow fracture	309464009-R
R ELBOW FX	R Elbow fracture	309464009-R
R ELBOW LACERATION	R Elbow laceration	283370006-R
R ELBOW PAIN	R Elbow pain	74323005-R
R EPISTAXIS	R Epistaxis	249366005-R
R EYE BURN	R Eye burn	274205003-R
R EYE DISCHARGE	R Eye discharge	246679005-R
R EYE EVAL	R Eye eval	118235002-R
R EYE FINDING	R Eye eval	118235002-R
R EYE FOREIGN BODY SENSATION	R Eye foreign body sensation	3283003-R
R EYE PAIN	R Eye pain	41652007-R
R EYE REDNESS	R Eye redness	246676003-R
R EYE SWELLING	R Eye swelling	9404003-R
R EYELID ABSCESS	R Eyelid abscess	76126009-R
R EYELID LACERATION	R Eyelid laceration	231816006-R
R FACE INJURY	R Facial injury	125593007-R
R FACIAL DROOP	R Facial droop	95667004-R
R FACIAL INJURY	R Facial injury	125593007-R
R FACIAL LACERATION	R Facial laceration	370247008-R
R FACIAL NUMBNESS	R Facial numbness	309557009-R
R FACIAL PAIN	R Facial pain	95668009-R
R FACIAL SWELLING	R Facial swelling	278528006-R
R FEMUR FRACTURE	R Femur fracture	71620000-R
R FIBULA FRACTURE	R Fibula fracture	75591007-R
R FIBULA FX	R Fibula fracture	75591007-R
R FINGER ABSCESS	R Finger abscess	21092002-R
R FINGER BURN	R Finger burn	82057004-R
R FINGER CRUSH INJURY	R Finger crush injury	10380004-R
R FINGER FRACTURE	R Finger fracture	18171007-R
R FINGER FX	R Finger fracture	18171007-R
R FINGER INJURY	R Finger injury	52011008-R
R FINGER LACERATION	R Finger laceration	274172008-R
R FINGER NUMB	R Finger numb	309536001-R
R FINGER NUMBNESS	R Finger numb	309536001-R
R FINGER PAIN	R Finger pain	18876004-R
R FINGER REDNESS	R Finger redness	f178d592c5ea11e4b987525400010026-R
R FINGER SWELLING	R Finger swelling	299060006-R
R FINGER TENDON LACERATION	R Finger tendon laceration	446313009-R
R FLANK ABSCESS	R Flank abscess	65967008-R
R FLANK PAIN	R Flank pain	247355005-R
R FOOT ABSCESS	R Foot abscess	301706005-R
R FOOT BURN	R Foot burn	11980003-R
R FOOT CRUSH INJURY	R Foot crush injury	43422002-R
R FOOT EDEMA	R Pedal edema	102576009-R
R FOOT FRACTURE	R Foot fracture	15574005-R
R FOOT FX	R Foot fracture	15574005-R
R FOOT INJURY	R Foot injury	125604000-R
R FOOT LACERATION	R Foot laceration	284551006-R
R FOOT NUMBNESS	R Foot numbness	309538000-R
R FOOT PAIN	R Foot pain	47933007-R
R FOOT PARESTHESIA	R Foot paresthesia	309087008-R
R FOOT REDNESS	R Foot redness	d6f96bc0c73711e4b8b2525400010026-R
R FOOT SWELLING	R Foot swelling	297142003-R
R FOOT ULCER	R Foot ulcer	95345008-R
R FOREARM ABSCESS	R Forearm abscess	58964002-R
R FOREARM BURN	R Forearm burn	80827001-R
R FOREARM CRUSH INJURY	R Forearm crush injury	111693009-R
R FOREARM FRACTURE	R Forearm fracture	65966004-R
R FOREARM FX	R Forearm fracture	65966004-R
R FOREARM INJURY	R Forearm injury	125597008-R
R FOREARM LACERATION	R Forearm laceration	283371005-R
R FOREARM PAIN	R Forearm pain	444899003-R
R FOREHEAD LACERATION	R Forehead laceration	283359004-R
R FRACTURE OF SCAPULA	R Fracture of scapula	9682006-R
R FX OF SCAPULA	R Fracture of scapula	9682006-R
R GINGIVAE LACERATION	R Gum laceration	286622004-R
R GLUTEAL ABSCESS	R Gluteal abscess	64576003-R
R GROIN ABSCESS	R Groin abscess	79216009-R
R GROIN LACERATION	R Groin laceration	283382002-R
R GROIN PAIN	R Inguinal pain	102570003-R
R GUM LACERATION	R Gum laceration	286622004-R
R HA - HEADACHE	R Headache	25064002-R
R HAND ABSCESS 	R Hand abscess 	3633001-R
R HAND BURN	R Hand burn	14893008-R
R HAND CRUSH INJURY	R Hand crush injury	50793006-R
R HAND FRACTURE	R Hand fracture	20511007-R
R HAND FX	R Hand fracture	20511007-R
R HAND INJURY	R Hand injury	125599006-R
R HAND LACERATION	R Hand laceration	284549007-R
R HAND NUMBNESS	R Hand numbness	309521004-R
R HAND PAIN	R Hand pain	53057004-R
R HAND REDNESS	R Hand redness	098fe948c5e811e4899b525400010026-R
R HAND SWELLING	R Hand swelling	299037003-R
R HAND TENDON INJURY	R Hand tendon injury	262971000-R
R HAND WEAKNESS	R Hand weakness	298283006-R
R HEADACHE	R Headache	25064002-R
R HEARLING LOSS	R Hearling loss	103276001-R
R HEEL ABSCESS	R Heel abscess	91541006-R
R HEEL FX	R Calcaneus fx	263247007-R
R HEEL LACERATION	R Heel laceration	283395007-R
R HEEL PAIN	R Heel pain	2733002-R
R HEEL ULCER	R Heel ulcer	301022003-R
R HIP ABSCESS	R Hip abscess	736004-R
R HIP BURN	R Hip burn	284226006-R
R HIP CRUSH INJURY	R Hip crush injury	11730002-R
R HIP FRACTURE	R Hip fracture	263225007-R
R HIP INJURY	R Hip injury	125600009-R
R HIP LACERATION	R Hip laceration	283384001-R
R HIP PAIN	R Hip pain	49218002-R
R HUMERUS FRACTURE	R Humerus fracture	66308002-R
R HUMERUS FX	R Humerus fracture	66308002-R
R INGUINAL PAIN	R Inguinal pain	102570003-R
R JAW PAIN	R Jaw pain	274667000-R
R KNEE BURN	R Knee burn	19684007-R
R KNEE CRUSH INJURY	R Knee crush injury	38128008-R
R KNEE INJURY	R Knee injury	125601008-R
R KNEE LACERATION	R Knee laceration	283386004-R
R KNEE PAIN	R Knee pain	30989003-R
R KNEE SWELLING	R Knee swelling	248491001-R
R LABIAL TEAR	R Labial tear	249221003-R
R LBP - LOW BACK PAIN	R Lower back pain	279039007-R
R LEG ABSCESS	R Leg abscess	315596001-R
R LEG BURN	R Leg burn	84677008-R
R LEG CELLULITIS	R Leg cellulitis	449710006-R
R LEG CRUSH INJURY	R Leg crush injury	39595001-R
R LEG DVT	R Leg DVT	404223003-R
R LEG INJURY	R Leg injury	127279002-R
R LEG LACERATION	R Leg laceration	283357002-R
R LEG NUMBNESS	R Leg numbness	309537005-R
R LEG PAIN	R Leg pain	10601006-R
R LEG PARESTHESIA	R Lower extremity paresthesia	429783005-R
R LEG REDNESS	R Leg redness	02192a6cc5e811e4a5e0525400010026-R
R LEG SWELLING	R Leg swelling	449614009-R
R LEG WEAKNESS	R Leg weakness	102568007-R
R LIP LACERATION	R Lip laceration	283363006-R
R LIP SWELLING	R Lip swelling	163140002-R
R LOWER BACK PAIN	R Lower back pain	279039007-R
R LOWER EXTREMITY EDEMA	R Leg swelling	449614009-R
R LOWER EXTREMITY INJURY	R Leg injury	127279002-R
R LOWER EXTREMITY NUMBNESS	R Leg numbness	309537005-R
R LOWER EXTREMITY PAIN	R Leg pain	10601006-R
R LOWER EXTREMITY PARESTHESIA	R Lower extremity paresthesia	429783005-R
R LOWER EXTREMITY SWELLING	R Leg swelling	449614009-R
R LOWER EXTREMITY WEAKNESS	R Leg weakness	102568007-R
R LOWER LEG BURN	R Lower leg burn	37696000-R
R LOWER LEG CRUSH INJURY	R Lower leg crush injury	40874009-R
R LOWER LEG INJURY	R Lower leg injury	125602001-R
R LOWER LEG LACERATION	R Lower leg laceration	283387008-R
R LOWER LIMB ABSCESS	R Leg abscess	315596001-R
R LOWER LIMB BURN	R Leg burn	84677008-R
R MASTITIS	R Mastitis	45198002-R
R MAXILLARY FRACTURE	R Maxillary fracture	263156006-R
R MAXILLARY FX	R Maxillary fracture	263156006-R
R MIGRAINE	R Headache	25064002-R
R NAIL BED LAC	R Nail bed lac	446314003-R
R NASAL FOREIGN BODY	R Nose foriegn body	74699008-R
R NECK PAIN	R Neck pain	81680005-R
R NIPPLE ABSCESS	R Nipple abscess	237439001-R
R NIPPLE PAIN	R Nipple pain	225573003-R
R NOSE FORIEGN BODY	R Nose foriegn body	74699008-R
R NOSE LACERATION	R Nose laceration	373602003-R
R NOSEBLEED	R Epistaxis	249366005-R
R NUMBNESS	R Numbness	44077006-R
R OPEN HIP FRACTURE	R Open hip fracture	361118003-R
R OPEN HIP FX	R Open hip fracture	361118003-R
R OPEN TIB FIB FX	R Open Tib/Fib fracture	414943006-R
R OPEN TIB/FIB FRACTURE	R Open Tib/Fib fracture	414943006-R
R OPEN TIB/FIB FX	R Open Tib/Fib fracture	414943006-R
R ORBITAL FLOOR FRACTURE	R Orbital floor fracture	207787008-R
R ORBITAL FLOOR FX	R Orbital floor fracture	207787008-R
R ORBITAL FRACTURE	R Orbital fracture	95851007-R
R ORBITAL FX	R Orbital fracture	95851007-R
R ORBITAL SWELLING	R Eye swelling	9404003-R
R PAIN	R Pain	22253000-R
R PATELLA FRACTURE	R Patella fracture	51037009-R
R PATELLA FX	R Patella fracture	51037009-R
R PEDAL EDEMA	R Pedal edema	102576009-R
R PELVIC LACERATION	R Pelvic laceration	283379007-R
R PELVIC PAIN	R Pelvic pain	30473006-R
R PLEURAL EFFUSION	R Pleural effusion	60046008-R
R PNEUMOTHORAX	R Pneumothorax	36118008-R
R PULSELESS FOOT	R Pulseless foot	422163002-R
R RADIUS FRACTURE	R Radius Fracture	12676007-R
R RADIUS FX	R Radius Fracture	12676007-R
R RIB FRACTURE	R Rib fracture	33737001-R
R RIB INJURY	R Rib Injury	282770002-R
R RIB PAIN	R Rib pain	297217002-R
R RING STUCK ON FINGER	R Ring stuck on finger	248406004-R
R RING TIGHT ON FINGERS	R Ring stuck on finger	248406004-R
R SCAPULA PAIN	R Scapula pain	20793008-R
R SCROTAL INJURY	R Scrotal injury	282782006-R
R SCROTUM INJURY	R Scrotal injury	282782006-R
R SCROTUM LACERATION	R Scrotum laceration	283954003-R
R SHIN INJURY	R Shin injury	282774006-R
R SHIN LACERATION	R Shin laceration	283388003-R
R SHOULDER ABSCESS	R Shoulder abscess	17354003-R
R SHOULDER BURN	R Shoulder burn	57143002-R
R SHOULDER CRUSH INJURY	R Shoulder crush injury	2591000-R
R SHOULDER DISLOCATION	R Shoulder dislocation	417076003-R
R SHOULDER INJURY	R Shoulder injury	125594001-R
R SHOULDER LACERATION	R Shoulder laceration	283367007-R
R SHOULDER PAIN	R Shoulder pain	45326000-R
R SOLE LACERATION	R Sole laceration	283394006-R
R SWOLLEN FINGER	R Finger swelling	299060006-R
R TENDER BREAST	R Tender breast	55222007-R
R TENDER BREASTS	R Tender breast	55222007-R
R TENDON LACERATION	R Tendon laceration	301453009-R
R TESTICULAR ABSCESS	R Testicular abscess	95593001-R
R TESTICULAR CRUSH INJURY	R Testis crush injury	78198009-R
R TESTICULAR PAIN	R Testicular pain	63901009-R
R TESTIS ABSCESS	R Testicular abscess	95593001-R
R TESTIS CRUSH INJURY	R Testis crush injury	78198009-R
R THIGH ABSCESS	R Thigh abscess	3507004-R
R THIGH BURN	R Thigh burn	6132001-R
R THIGH INJURY	R Thigh injury	7523003-R
R THIGH LACERATION	R Thigh laceration	283385000-R
R THIGH PAIN	R Thigh pain	78514002-R
R THORACIC BACK PAIN	R Upper back pain	279038004-R
R THORACIC PAIN	R Upper back pain	279038004-R
R THUMB BURN	R Thumb burn	64090007-R
R THUMB CRUSH INJURY	R Thumb crush injury	283858004-R
R THUMB FX	R Thumb fx	274160002-R
R THUMB INJURY	R Thumb injury	262520005-R
R THUMB LACERATION	R Thumb laceration	274173003-R
R THUMB PAIN	R Thumb pain	300955002-R
R THUMB REDNESS	R Thumb redness	e65a02c6c5ea11e4a4a5525400010026-R
R TIB/FIB FRACTURE	R Tib/Fib Fracture	414293001-R
R TIB/FIB FX	R Tib/Fib Fracture	414293001-R
R TIBIA AND FIBULA FRACTURE	R Tib/Fib Fracture	414293001-R
R TIBIA AND FIBULA FX	R Tib/Fib Fracture	414293001-R
R TIBIA FRACTURE	R Tibia fracture	31978002-R
R TIBIA FX	R Tibia fracture	31978002-R
R TOE ABSCESS	R Toe abscess	111183001-R
R TOE BURN	R Toe burn	88374002-R
R TOE CRUSH INJURY	R Toe crush injury	74682007-R
R TOE FRACTURE	R Toe fx	21351003-R
R TOE FX	R Toe fx	21351003-R
R TOE LACERATION	R Toe laceration	284552004-R
R TOE NAIL BED LACERATION	R Toe nail bed laceration	446859003-R
R TOE NUMB	R Toe numb	309539008-R
R TOE NUMBNESS	R Toe numb	309539008-R
R TOE PAIN	R Toe pain	285365001-R
R TOE REDNESS	R Toe redness	e98210cec5ea11e4a9a0525400010026-R
R TRUNK LACERATION	R Trunk laceration	283375001-R
R ULNA FX	R Ulna fx	54556006-R
R UPPER BACK PAIN	R Upper back pain	279038004-R
R UPPER EXTREMITY BURN	R Arm burn	6055000-R
R UPPER EXTREMITY INJURY	R Arm injury	127278005-R
R UPPER EXTREMITY SWELLING	R Arm swelling	449618007-R
R UPPER LIMB ABSECSS	R Arm abscess	315597005-R
R UPPER LIMB BURN	R Arm burn	6055000-R
R WEAKNESS	R Weakness	26544005-R
R WRIST ABSCESS	R Wrist abscess	36281004-R
R WRIST BURN	R Wrist burn	3480002-R
R WRIST CRUSH INJURY	R Wrist crush injury	47814001-R
R WRIST INJURY	R Wrist injury	125598003-R
R WRIST LACERATION	R Wrist laceration	283372003-R
R WRIST PAIN	R Wrist pain	56608008-R
RABBIT BITE	Rabbit bite	242608000
RABIES VACCINE	Rabies Vaccine	170543008
RADIATION BURN	Radiation burn	425656005
RADIUS FRACTURE	Radius Fracture	12676007
RADIUS FX	Radius Fracture	12676007
RAPE	Sexual assault	248110007
RAPID HR	Tachycardia	86651002
RASH	Rash	162415008
RAT BITE	Rat bite	217698005
RCI	Sexual assault	248110007
RECTAL ABSCESS	Rectal abscess	197166005
RECTAL BLEEDING	BRBPR	405729008
RECTAL LACERATION	Rectal laceration	262879002
RECTAL PAIN	Rectal pain	77880009
RECTUM LACERATION	Rectal laceration	262879002
RECURRENT ABDOMINAL PAIN	Recurrent abdominal pain	439469002
RELIGIOSITY	Religious delusion	247671004
RELIGIOUS DELUSION	Religious delusion	247671004
REPTILE BITE	Reptile bite	242626002
RESPIRATORY DISTRESS	Respiratory distress	271825005
RESTLESS LEGS	Restless legs	32914008
RIB FRACTURE	Rib fracture	33737001
RIB INJURY	Rib Injury	282770002
RIB PAIN	Rib pain	297217002
RIGHT LOWER QUADRANT PAIN	RLQ abdominal pain	301754002
RIGHT SIDED ABD PAIN	Right sided abdominal pain	285388000
RIGHT SIDED ABDOMINAL PAIN	Right sided abdominal pain	285388000
RIGHT UPPER QUADRANT PAIN	RUQ abdominal pain	301717006
RING STUCK ON FINGER	Ring stuck on finger	248406004
RING TIGHT ON FINGERS	Ring stuck on finger	248406004
RLE CELLULITIS	R Leg cellulitis	449710006-R
RLE DVT	R Leg DVT	404223003-R
RLE EDEMA	R Leg swelling	449614009-R
RLE INJURY	R Leg injury	127279002-R
RLE LACERATION	R Leg laceration	283357002-R
RLE NUMBNESS	R Leg numbness	309537005-R
RLE PAIN	R Leg pain	10601006-R
RLE PARESTHESIA	R Lower extremity paresthesia	429783005-R
RLE REDNESS	R Leg redness	02192a6cc5e811e4a5e0525400010026-R
RLE SWELLING	R Leg swelling	449614009-R
RLE WEAKNESS	R Leg weakness	102568007-R
RLQ ABDOMINAL PAIN	RLQ abdominal pain	301754002
RLQ PAIN	RLQ abdominal pain	301754002
RODENT BITE	Rodent bite	242625003
ROOM SPINNING	Vertigo	399153001
RUE BURN	R Arm burn	6055000-R
RUE CELLULITIS	R Arm cellulitis	449671007-R
RUE CRUSH INJURY	R Arm crush injury	9560007-R
RUE DVT	R Arm DVT	128054009-R
RUE FRACTURE	R Arm fracture	23406007-R
RUE FX	R Arm fracture	23406007-R
RUE INJURY	R Arm injury	127278005-R
RUE LACERATION	R Arm laceration	283366003-R
RUE NUMBNESS	R Arm numbness	298753001-R
RUE PAIN	R Arm pain	102556003-R
RUE REDNESS	R Arm redness	0552bee6c5e811e48aee525400010026-R
RUE SWELLING	R Arm swelling	449618007-R
RUE WEAKNESS	R Arm weakness	6dc81860c5e611e4a6ab525400010026-R
RUPTURED AAA	Ruptured AAA	14336007
RUPTURED ABDOMINAL AORTIC ANEURYSM	Ruptured AAA	14336007
RUQ ABDOMINAL PAIN	RUQ abdominal pain	301717006
RUQ PAIN	RUQ abdominal pain	301717006
S/P ASSAULT	Assault	52684005
S/P CARDIAC ARREST	s/p cardiac arrest	233927002
S/P COLONOSCOPY	s/p colonoscopy	c5fb2efac5f011e4bda1525400010026
S/P FALL	s/p Fall	161898004
S/P SYNCOPE	Syncope	271594007
SA - SUICIDE ATTEMPT	Suicide attempt	82313006
SAFE BED	Safe Bed	9665c970c5f011e4b3d7525400010026
SAH	SAH	21454007
SBO	SBO	281255004
SCALP BURN	Scalp burn	38978009
SCALP LACERATION	Scalp laceration	274166008
SCAPULA PAIN	Scapula pain	20793008
SCROTAL ABSCESS	Scrotum abscess	27717006
SCROTAL BURN	Scrotum burn	283953009
SCROTAL INJURY	Scrotal injury	282782006
SCROTAL PAIN	Scrotal pain	20502007
SCROTUM ABSCESS	Scrotum abscess	27717006
SCROTUM BURN	Scrotum burn	283953009
SCROTUM INJURY	Scrotal injury	282782006
SCROTUM LACERATION	Scrotum laceration	283954003
SDH	SDH	95453001
SECTION 12	Psychiatric hold	83474000
SEDATIVE WITHDRAWAL	Sedative withdrawal	23601000119102
SEIZURE	Seizure	91175000
SELF INFLICTED INJURY	Self inflicted injury	276853009
SEXUAL ASSAULT	Sexual assault	248110007
SHAKING	Tremor	26079004
SHARK BITE	Shark bite	217704005
SHIN INJURY	Shin injury	282774006
SHIN LACERATION	Shin laceration	283388003
SHINGLES	Herpes zoster	4740000
SHORTNESS OF BREATH	Dyspnea	267036007
SHOULDER ABSCESS	Shoulder abscess	17354003
SHOULDER BURN	Shoulder burn	57143002
SHOULDER CRUSH INJURY	Shoulder crush injury	2591000
SHOULDER DISLOCATION	Shoulder dislocation	417076003
SHOULDER INJURY	Shoulder injury	125594001
SHOULDER LACERATION	Shoulder laceration	283367007
SHOULDER PAIN	Shoulder pain	45326000
SI	SI	6471006
SI - SUICIDAL IDEATION	SI	6471006
SICKLE CELL CRISIS	Sickle cell crisis	b18adffcc72511e4a351525400010026
SINUS PAIN	Sinus pain	4969004
SKIN ERYTHEMA	Skin erythema	444827008
SKIN FOREIGN BODY	Skin foreign body	93458008
SKULL FX	Skull fx	71642004
SLURRED SPEECH	Slurred speech	289195008
SMALL BOWEL OBSTRUCTION	SBO	281255004
SMOKE EXPOSURE	Smoke inhalation	426936004
SMOKE INHALATION	Smoke inhalation	426936004
SNAKE BITE	Snake bite	238456006
SOB - SHORTNESS OF BREATH	Dyspnea	267036007
SOLE LACERATION	Sole laceration	283394006
SORE THROAT	Sore throat	162397003
SPINE FRACTURE	Spine fracture	50448004
SPINE FX	Spine fracture	50448004
SPLEEN ABSCESS	Spleen abscess	82053000
SPLEEN LACERATION	Splenic laceration	262822009
SPLENIC ABSCESS	Spleen abscess	82053000
SPLENIC LACERATION	Splenic laceration	262822009
STAB WOUND	Stab wound	425322008
STAPLES REMOVAL	Staples removal	35963001
STEMI	STEMI	401303003
STEMI - ST ELEVATION MYOCARDIAL INFARCTION	STEMI	401303003
STERNAL FRACTURE	Sternal fracture	78516000
STOMACH ACHE	Abd pain	21522001
STRIDOR	Stridor	70407001
STROKE	CVA	230690007
STUFFED-UP NOSE	Nasal congestion	68235000
SUBARACHNOID HEMORRHAGE	SAH	21454007
SUBDURAL HEMATOMA	SDH	95453001
SUBSTANCE USE	Substance use	231466009
SUBTHERAPEUTIC INR	Subtherapeutic INR	413086003
SUICIDAL IDEATION	SI	6471006
SUICIDE ATTEMPT	Suicide attempt	82313006
SUNBURN	Sunburn	23346002
SUPRAPUBIC PAIN	Suprapubic pain	162053006
SUPRAVENTRICULAR TACHYCARDIA	SVT	426761007
SUTURE REMOVAL	Suture removal	30549001
SVT	SVT	426761007
SWELLING OF BODY STRUCTURE	Body swelling	300872008
SWOLLEN FINGER	Finger swelling	299060006
SYNCOPE	Syncope	271594007
SZ - SEIZURE	Seizure	91175000
T SPINE PAIN	Thoracic spine pain	267981009
T-SPINE FRACTURE	T-spine fracture	125607007
T-SPINE FX	T-spine fracture	125607007
T1 FRACTURE	T-spine fracture	125607007
T1 FX	T-spine fracture	125607007
T10 FRACTURE	T-spine fracture	125607007
T10 FX	T-spine fracture	125607007
T11 FRACTURE	T-spine fracture	125607007
T11 FX	T-spine fracture	125607007
T12 FRACTURE	T-spine fracture	125607007
T12 FX	T-spine fracture	125607007
T2 FRACTURE	T-spine fracture	125607007
T2 FX	T-spine fracture	125607007
T3 FRACTURE	T-spine fracture	125607007
T3 FX	T-spine fracture	125607007
T4 FRACTURE	T-spine fracture	125607007
T4 FX	T-spine fracture	125607007
T5 FRACTURE	T-spine fracture	125607007
T5 FX	T-spine fracture	125607007
T6 FRACTURE	T-spine fracture	125607007
T6 FX	T-spine fracture	125607007
T7 FRACTURE	T-spine fracture	125607007
T7 FX	T-spine fracture	125607007
T8 FRACTURE	T-spine fracture	125607007
T8 FX	T-spine fracture	125607007
T9 FRACTURE	T-spine fracture	125607007
T9 FX	T-spine fracture	125607007
TACHYCARDIA	Tachycardia	86651002
TACHYPNEA	Tachypnea	271823003
TENDER BREAST	Tender breast	55222007
TENDER BREASTS	Tender breast	55222007
TENDON LACERATION	Tendon laceration	301453009
TESTICULAR ABSCESS	Testicular abscess	95593001
TESTICULAR CRUSH INJURY	Testis crush injury	78198009
TESTICULAR PAIN	Testicular pain	63901009
TESTIS ABSCESS	Testicular abscess	95593001
TESTIS CRUSH INJURY	Testis crush injury	78198009
TETANUS BOOSTER	Tetanus booster	170537006
THIGH ABSCESS	Thigh abscess	3507004
THIGH BURN	Thigh burn	6132001
THIGH INJURY	Thigh injury	7523003
THIGH LACERATION	Thigh laceration	283385000
THIGH PAIN	Thigh pain	78514002
THORACIC AORTIC ANEURYSM	Thoracic aortic aneurysm	433068007
THORACIC BACK PAIN	Upper back pain	279038004
THORACIC PAIN	Upper back pain	279038004
THORACIC SPINE FRACTURE	T-spine fracture	125607007
THORACIC SPINE FX	T-spine fracture	125607007
THORACIC SPINE PAIN	Thoracic spine pain	267981009
THROAT FOREIGN BODY SENSATION	Throat foreign body sensation	9bec4e7ac5e911e480fc525400010026
THROAT PAIN	Sore throat	162397003
THROMBOCYTOPENIA	Thrombocytopenia	415116008
THROMBOCYTOSIS	Thrombocytosis	415115007
THUMB BURN	Thumb burn	64090007
THUMB CRUSH INJURY	Thumb crush injury	283858004
THUMB FX	Thumb fx	274160002
THUMB INJURY	Thumb injury	262520005
THUMB LACERATION	Thumb laceration	274173003
THUMB PAIN	Thumb pain	300955002
THUMB REDNESS	Thumb redness	e65a02c6c5ea11e4a4a5525400010026
TIA	TIA	266257000
TIB/FIB FRACTURE	Tib/Fib Fracture	414293001
TIB/FIB FX	Tib/Fib Fracture	414293001
TIBIA AND FIBULA FRACTURE	Tib/Fib Fracture	414293001
TIBIA AND FIBULA FX	Tib/Fib Fracture	414293001
TIBIA FRACTURE	Tibia fracture	31978002
TIBIA FX	Tibia fracture	31978002
TICK BITE	Insect bite	217706007
TINNITUS	Tinnitus	60862001
TIREDNESS	Fatigue	84229001
TOE ABSCESS	Toe abscess	111183001
TOE BURN	Toe burn	88374002
TOE CELLULITIS	Toe cellulitis	70637004
TOE CRUSH INJURY	Toe crush injury	74682007
TOE FRACTURE	Toe fx	21351003
TOE FX	Toe fx	21351003
TOE LACERATION	Toe laceration	284552004
TOE NAIL BED LACERATION	Toe nail bed laceration	446859003
TOE NUMB	Toe numb	309539008
TOE NUMBNESS	Toe numb	309539008
TOE PAIN	Toe pain	285365001
TOE REDNESS	Toe redness	e98210cec5ea11e4a9a0525400010026
TONGUE ABSCESS	Tongue abscess	44283002
TONGUE BURN	Tongue burn	30715007
TONGUE LACERATION	Tongue laceration	286623009
TONGUE NUMBNESS	Numb tongue	95528002
TONGUE PAIN	Tongue pain	30731004
TONGUE SWELLING	Tongue swelling	421262002
TOOTH FX	Broken tooth	36202009
TOOTH PAIN	Dental pain	27355003
TOOTHACHE	Dental pain	27355003
TORSADES DE POINTES	Torsades de pointes	426882006
TRANSFER	Transfer	19712007
TREMOR	Tremor	26079004
TRUNK BURN	Trunk burn	52405000
TRUNK CRUSH INJURY	Trunk crush injury	4975008
TRUNK LACERATION	Trunk laceration	283375001
TRUNK PAIN	Trunk Pain	301366005
TRUNK SWELLING	Trunk swelling	449329002
TSPINE FX	T-spine fracture	125607007
TURTLE BITE	Turtle bite	242630004
UE BURN	Arm burn	6055000
UE CELLULITIS	Arm cellulitis	449671007
UE CRUSH INJURY	Arm crush injury	9560007
UE DVT	Arm DVT	128054009
UE FRACTURE	Arm fracture	23406007
UE FX	Arm fracture	23406007
UE INJURY	Arm injury	127278005
UE LACERATION	Arm laceration	283366003
UE NUMBNESS	Arm numbness	298753001
UE PAIN	Arm pain	102556003
UE REDNESS	Arm redness	0552bee6c5e811e48aee525400010026
UE SWELLING	Arm swelling	449618007
UE WEAKNESS	Arm weakness	6dc81860c5e611e4a6ab525400010026
UGIB	Upper GI bleed	37372002
ULNA FX	Ulna fx	54556006
UNABLE TO AMBULATE	Unable to ambulate	282145008
UNRESPONSIVE	Unresponsive	422768004
UNSTEADY GAIT	Unsteady gait	394616008
UPPER ABDOMINAL PAIN	Upper abdominal pain	83132003
UPPER BACK PAIN	Upper back pain	279038004
UPPER EXTREMITY BURN	Arm burn	6055000
UPPER EXTREMITY INJURY	Arm injury	127278005
UPPER EXTREMITY SWELLING	Arm swelling	449618007
UPPER GI BLEED	Upper GI bleed	37372002
UPPER LIMB ABSECSS	Arm abscess	315597005
UPPER LIMB BURN	Arm burn	6055000
URETHRA LACERATION	Urethra laceration	283922007
URETHRAL LACERATION	Urethra laceration	283922007
URETHRAL PAIN	Urethral pain	6561007
URINARY FREQUENCY	Urinary frequency	300471006
URINARY INCONTINENCE	Urinary incontinence	165232002
URINARY RETENTION	Urinary retention	102835006
URINARY TRACT INFECTION	UTI	68566005
URINARY URGENCY	Urinary urgency	75088002
UROSEPSIS	Urosepsis	371093006
URTICARIA	Hives	64305001
UTI	UTI	68566005
VAGINA BURN	Vagina burn	59426001
VAGINAL BLEEDING	Vaginal bleeding	289530006
VAGINAL DISCHARGE	Vaginal discharge	271939006
VAGINAL IRRITATION	Vaginal irritation	161816004
VAGINAL ITCHING	Vaginal itching	34363003
VAGINAL PAIN	Vaginal pain	38343000
VB - VAGINAL BLEEDING	Vaginal bleeding	289530006
VENTRICULAR FIBRILLATION 	Ventricular fibrillation 	164896001
VENTRICULAR TACHYCARDIA	Vtach	164895002
VERTIGO	Vertigo	399153001
VFIB	Ventricular fibrillation 	164896001
VH	VH	64269007
VISION CHANGES	Visual changes	162274004
VISUAL CHANGES	Visual changes	162274004
VISUAL HALLUCINATIONS	VH	64269007
VOMITING	Vomiting	422400008
VOMITING BLOOD	Hematemesis	8765009
VOMITING COFFEE GROUNDS	Coffee ground emesis	40835002
VTACH	Vtach	164895002
VULVAL TEAR	Vulval tear	237332009
WEAKNESS	Weakness	26544005
WEIGHT GAIN	Weight gain	8943002
WEIGHT LOSS	Weight loss	89362005
WENCKEBACH	Mobitz type I second degree heart block	164905008
WHEEZING	Wheezing	56018004
WITHDRAWAL	Drug withdrawal	363101005
WOUND CHECK	Wound eval	225395003
WOUND EVAL	Wound eval	225395003
WOUND EVALUATION	Wound eval	225395003
WRIST ABSCESS	Wrist abscess	36281004
WRIST BURN	Wrist burn	3480002
WRIST CELLULITIS	Wrist cellulitis	71392009
WRIST CRUSH INJURY	Wrist crush injury	47814001
WRIST INJURY	Wrist injury	125598003
WRIST LACERATION	Wrist laceration	283372003
WRIST PAIN	Wrist pain	56608008
